model_order,model,representation,classifier,subset_order,subset,subset_label,n,active,inactive,active_prevalence,decision_threshold,AUROC,AUPRC,MCC,Accuracy,Precision,Recall,Specificity,F1,TN,FP,FN,TP
0,Traditional Logistic Regression,Traditional,Logistic Regression,0,all_test,All test,181,20,161,0.11049723756906077,0.5,0.9667701863354037,0.7481014082078992,0.6404496029129428,0.8895027624309392,0.5,0.95,0.8819875776397516,0.6551724137931034,142,19,1,19
0,Traditional Logistic Regression,Traditional,Logistic Regression,1,novel_lt_0_95,Similarity < 0.95,176,17,159,0.09659090909090909,0.5,0.9733629300776915,0.8015004219156469,0.6313912146312043,0.8977272727272727,0.48484848484848486,0.9411764705882353,0.8930817610062893,0.64,142,17,1,16
0,Traditional Logistic Regression,Traditional,Logistic Regression,2,novel_lt_0_90,Similarity < 0.90,164,11,153,0.06707317073170732,0.5,0.9827688651218063,0.8315157065157066,0.6267455643526095,0.926829268292683,0.47619047619047616,0.9090909090909091,0.9281045751633987,0.625,142,11,1,10
0,Traditional Logistic Regression,Traditional,Logistic Regression,3,novel_lt_0_80,Similarity < 0.80,154,4,150,0.025974025974025976,0.5,0.9866666666666667,0.8333333333333333,0.4302652729749464,0.9415584415584416,0.2727272727272727,0.75,0.9466666666666667,0.4,142,8,1,3
1,Traditional RBF-SVM,Traditional,RBF-SVM,0,all_test,All test,181,20,161,0.11049723756906077,0.5,0.9683229813664597,0.7676879954840483,0.6776891751317226,0.9226519337016574,0.6071428571428571,0.85,0.9316770186335404,0.7083333333333334,150,11,3,17
1,Traditional RBF-SVM,Traditional,RBF-SVM,1,novel_lt_0_95,Similarity < 0.95,176,17,159,0.09659090909090909,0.5,0.9711431742508324,0.7716565191648925,0.6721506854042324,0.9318181818181818,0.6086956521739131,0.8235294117647058,0.9433962264150944,0.7,150,9,3,14
1,Traditional RBF-SVM,Traditional,RBF-SVM,2,novel_lt_0_90,Similarity < 0.90,164,11,153,0.06707317073170732,0.5,0.9803921568627452,0.7757756132756133,0.6734843872244477,0.9573170731707317,0.6666666666666666,0.7272727272727273,0.9738562091503268,0.6956521739130435,149,4,3,8
1,Traditional RBF-SVM,Traditional,RBF-SVM,3,novel_lt_0_80,Similarity < 0.80,154,4,150,0.025974025974025976,0.5,0.9783333333333333,0.6770833333333333,0.5677628664797901,0.9805194805194806,0.6666666666666666,0.5,0.9933333333333333,0.5714285714285714,149,1,2,2
2,Traditional Random Forest,Traditional,Random Forest,0,all_test,All test,181,20,161,0.11049723756906077,0.5,0.9652173913043479,0.6732291747397245,0.7455702438142119,0.9447513812154696,0.7083333333333334,0.85,0.9565217391304348,0.7727272727272727,154,7,3,17
2,Traditional Random Forest,Traditional,Random Forest,1,novel_lt_0_95,Similarity < 0.95,176,17,159,0.09659090909090909,0.5,0.9691083980762116,0.6555254242105453,0.7539924858003151,0.9545454545454546,0.7368421052631579,0.8235294117647058,0.9685534591194969,0.7777777777777778,154,5,3,14
2,Traditional Random Forest,Traditional,Random Forest,2,novel_lt_0_90,Similarity < 0.90,164,11,153,0.06707317073170732,0.5,0.9824717765894236,0.7010377182625986,0.767087302059032,0.9695121951219512,0.75,0.8181818181818182,0.9803921568627451,0.782608695652174,150,3,2,9
2,Traditional Random Forest,Traditional,Random Forest,3,novel_lt_0_80,Similarity < 0.80,154,4,150,0.025974025974025976,0.5,0.9891666666666666,0.7152777777777777,0.6611020559729285,0.9805194805194806,0.6,0.75,0.9866666666666667,0.6666666666666666,148,2,1,3
3,Traditional XGBoost,Traditional,XGBoost,0,all_test,All test,181,20,161,0.11049723756906077,0.5,0.9779503105590063,0.7668461218219346,0.7600689387825204,0.9447513812154696,0.6923076923076923,0.9,0.9503105590062112,0.782608695652174,153,8,2,18
3,Traditional XGBoost,Traditional,XGBoost,1,novel_lt_0_95,Similarity < 0.95,176,17,159,0.09659090909090909,0.5,0.9822419533851277,0.7733467383515424,0.7696750209556958,0.9545454545454546,0.7142857142857143,0.8823529411764706,0.9622641509433962,0.7894736842105263,153,6,2,15
3,Traditional XGBoost,Traditional,XGBoost,2,novel_lt_0_90,Similarity < 0.90,164,11,153,0.06707317073170732,0.5,0.9863339275103982,0.7518525592055003,0.7333781078160264,0.9634146341463414,0.6923076923076923,0.8181818181818182,0.9738562091503268,0.75,149,4,2,9
3,Traditional XGBoost,Traditional,XGBoost,3,novel_lt_0_80,Similarity < 0.80,154,4,150,0.025974025974025976,0.5,0.9916666666666667,0.8611111111111112,0.6000563036645541,0.974025974025974,0.5,0.75,0.98,0.6,147,3,1,3
4,ESM-2 Logistic Regression,ESM-2,Logistic Regression,0,all_test,All test,181,20,161,0.11049723756906077,0.5,0.977639751552795,0.8820785695785698,0.7751557946778821,0.9447513812154696,0.6785714285714286,0.95,0.9440993788819876,0.7916666666666666,152,9,1,19
4,ESM-2 Logistic Regression,ESM-2,Logistic Regression,1,novel_lt_0_95,Similarity < 0.95,176,17,159,0.09659090909090909,0.5,0.9781724010358861,0.8746071165120519,0.7862833632924571,0.9545454545454546,0.6956521739130435,0.9411764705882353,0.9559748427672956,0.8,152,7,1,16
4,ESM-2 Logistic Regression,ESM-2,Logistic Regression,2,novel_lt_0_90,Similarity < 0.90,164,11,153,0.06707317073170732,0.5,0.9768270944741533,0.8418816032452396,0.7605209790145538,0.9634146341463414,0.6666666666666666,0.9090909090909091,0.9673202614379085,0.7692307692307693,148,5,1,10
4,ESM-2 Logistic Regression,ESM-2,Logistic Regression,3,novel_lt_0_80,Similarity < 0.80,154,4,150,0.025974025974025976,0.5,0.9583333333333334,0.7844827586206897,0.6000563036645541,0.974025974025974,0.5,0.75,0.98,0.6,147,3,1,3
5,ESM-2 RBF-SVM,ESM-2,RBF-SVM,0,all_test,All test,181,20,161,0.11049723756906077,0.5,0.9801242236024845,0.8476651056175093,0.7264224849048023,0.9337016574585635,0.6428571428571429,0.9,0.937888198757764,0.75,151,10,2,18
5,ESM-2 RBF-SVM,ESM-2,RBF-SVM,1,novel_lt_0_95,Similarity < 0.95,176,17,159,0.09659090909090909,0.5,0.9837217906030337,0.870703303689833,0.7292170243483447,0.9431818181818182,0.6521739130434783,0.8823529411764706,0.949685534591195,0.75,151,8,2,15
5,ESM-2 RBF-SVM,ESM-2,RBF-SVM,2,novel_lt_0_90,Similarity < 0.90,164,11,153,0.06707317073170732,0.5,0.988116458704694,0.8569050832208727,0.767087302059032,0.9695121951219512,0.75,0.8181818181818182,0.9803921568627451,0.782608695652174,150,3,2,9
5,ESM-2 RBF-SVM,ESM-2,RBF-SVM,3,novel_lt_0_80,Similarity < 0.80,154,4,150,0.025974025974025976,0.5,0.9883333333333333,0.7152777777777777,0.7433333333333333,0.987012987012987,0.75,0.75,0.9933333333333333,0.75,149,1,1,3
6,ESM-2 Random Forest,ESM-2,Random Forest,0,all_test,All test,181,20,161,0.11049723756906077,0.5,0.9881987577639751,0.9220576056509563,0.7285186322821915,0.9281767955801105,0.6129032258064516,0.95,0.9254658385093167,0.7450980392156863,149,12,1,19
6,ESM-2 Random Forest,ESM-2,Random Forest,1,novel_lt_0_95,Similarity < 0.95,176,17,159,0.09659090909090909,0.5,0.9881613022567518,0.9061504338252654,0.73118182611438,0.9375,0.6153846153846154,0.9411764705882353,0.9371069182389937,0.7441860465116279,149,10,1,16
6,ESM-2 Random Forest,ESM-2,Random Forest,2,novel_lt_0_90,Similarity < 0.90,164,11,153,0.06707317073170732,0.5,0.9898989898989898,0.8786711958960762,0.7333447204220874,0.9573170731707317,0.625,0.9090909090909091,0.9607843137254902,0.7407407407407407,147,6,1,10
6,ESM-2 Random Forest,ESM-2,Random Forest,3,novel_lt_0_80,Similarity < 0.80,154,4,150,0.025974025974025976,0.5,0.9883333333333333,0.7152777777777777,0.5523398999523438,0.9675324675324676,0.42857142857142855,0.75,0.9733333333333334,0.5454545454545454,146,4,1,3
7,ESM-2 XGBoost,ESM-2,XGBoost,0,all_test,All test,181,20,161,0.11049723756906077,0.5,0.9878881987577639,0.9165844676778183,0.8179510473202897,0.9613259668508287,0.782608695652174,0.9,0.968944099378882,0.8372093023255814,156,5,2,18
7,ESM-2 XGBoost,ESM-2,XGBoost,1,novel_lt_0_95,Similarity < 0.95,176,17,159,0.09659090909090909,0.5,0.9881613022567518,0.8991436030551421,0.8418079692677263,0.9715909090909091,0.8333333333333334,0.8823529411764706,0.9811320754716981,0.8571428571428571,156,3,2,15
7,ESM-2 XGBoost,ESM-2,XGBoost,2,novel_lt_0_90,Similarity < 0.90,164,11,153,0.06707317073170732,0.5,0.9934640522875817,0.9128968253968255,0.8606902168936162,0.9817073170731707,0.8333333333333334,0.9090909090909091,0.9869281045751634,0.8695652173913043,151,2,1,10
7,ESM-2 XGBoost,ESM-2,XGBoost,3,novel_lt_0_80,Similarity < 0.80,154,4,150,0.025974025974025976,0.5,0.9916666666666667,0.8125,0.7433333333333333,0.987012987012987,0.75,0.75,0.9933333333333333,0.75,149,1,1,3
