embedding_row,ID,sequence,sequence_length,label,binary_class,inactive_source,is_virtual_inactive,split
0,1,AIGKFLHSAKKFGKAFVGEIMNS,23,1,Active,active,0,test
1,2,FAKALAKLAKKLL,13,1,Active,active,0,development
2,3,FAKALKALLKALKAL,15,1,Active,active,0,development
3,4,FAKFLAKFLKKAL,13,1,Active,active,0,development
4,5,FAKIIAKIAKIAKKIL,16,0,Inactive,experimental,0,development
5,6,FAKKFAKKFKKFAKKFAKFAFAF,23,1,Active,active,0,development
6,7,FAKKLAKKLAKAAL,14,0,Inactive,experimental,0,development
7,8,FAKKLAKKLAKAL,13,0,Inactive,experimental,0,development
8,9,FAKKLAKKLAKLAL,14,0,Inactive,experimental,0,development
9,10,FAKKLAKKLAKLL,13,0,Inactive,experimental,0,development
10,11,FAKKLAKKLKKLAKKLAK,18,0,Inactive,experimental,0,development
11,12,FAKKLAKKLKKLAKKLAKKWKL,22,1,Active,active,0,test
12,13,FAKKLAKKLKKLAKKLAKLAKKL,23,0,Inactive,experimental,0,development
13,14,FAKKLAKKLKKLAKKLAKLALALKALALKAL,31,1,Active,active,0,development
14,15,FAKKLAKKLKKLAKKLIGAVLKV,23,1,Active,active,0,test
15,16,FAKKLAKKLKKLAKLALAK,19,0,Inactive,experimental,0,development
16,17,FAKKLAKKLKKLAKLALAL,19,0,Inactive,experimental,0,development
17,18,FAKKLAKKLL,10,0,Inactive,experimental,0,development
18,19,FAKKLAKLAKKALAL,15,0,Inactive,experimental,0,development
19,20,FAKKLAKLAKKL,12,0,Inactive,experimental,0,development
20,21,FAKKLAKLAKKLAKLAL,17,1,Active,active,0,test
21,22,FAKKLAKLAKKLAKLALAL,19,1,Active,active,0,development
22,23,FAKKLAKLAKKLLAL,15,1,Active,active,0,development
23,24,FAKKLAKLALKLAKL,15,1,Active,active,0,development
24,25,FAKKLKKLAKLAKKL,15,0,Inactive,experimental,0,development
25,26,FAKKLLAKALKL,12,0,Inactive,experimental,0,development
26,27,FAKLAKKALAKLL,13,0,Inactive,experimental,0,development
27,28,FAKLF,5,0,Inactive,experimental,0,development
28,29,FAKLFAKLAKKFAL,14,0,Inactive,experimental,0,development
29,30,FAKLLAKALKKAL,13,1,Active,active,0,test
30,31,FAKLLAKALKKFAL,14,1,Active,active,0,development
31,32,FAKLLAKALKKFL,13,1,Active,active,0,development
32,33,FAKLLAKALKKL,12,0,Inactive,experimental,0,test
33,34,FAKLLAKALKKLL,13,1,Active,active,0,development
34,35,FAKLLAKALKLKL,13,0,Inactive,experimental,0,development
35,36,FAKLLAKFLKKAL,13,1,Active,active,0,development
36,37,FAKLLAKLAKAKL,13,0,Inactive,experimental,0,test
37,38,FAKLLAKLAKKAA,13,0,Inactive,experimental,0,test
38,39,FAKLLAKLAKKAL,13,0,Inactive,experimental,0,development
39,40,FAKLLAKLAKKFAL,14,0,Inactive,experimental,0,test
40,41,FAKLLAKLAKKGL,13,0,Inactive,experimental,0,development
41,42,FAKLLAKLAKKIL,13,0,Inactive,experimental,0,development
42,43,FAKLLAKLAKKL,12,0,Inactive,experimental,0,test
43,44,FAKLLAKLAKKLL,13,1,Active,active,0,development
44,45,FAKLLAKLAKKSL,13,0,Inactive,experimental,0,development
45,46,FAKLLAKLAKKVL,13,1,Active,active,0,test
46,47,FAKLLAKLAKLKL,13,0,Inactive,experimental,0,test
47,48,FAKLLFKALKKAL,13,0,Inactive,experimental,0,test
48,49,FAKLLKLAAKKLL,13,0,Inactive,experimental,0,development
49,50,FAKLWAKLAFGKGIGKVGKKLL,22,1,Active,active,0,test
50,51,FAKLWAKLAKKL,12,0,Inactive,experimental,0,development
51,52,FALAAKALKKLAKKLKKLAKKAL,23,1,Active,active,0,development
52,53,FALAKLAKKAKAKLKKALKAL,21,1,Active,active,0,development
53,54,FALALKALKK,10,0,Inactive,experimental,0,development
54,55,FALALKALKKAL,12,0,Inactive,experimental,0,test
55,56,FALALKALKKALKKLKKALKKAL,23,0,Inactive,experimental,0,test
56,57,FALALKALKKL,11,1,Active,active,0,development
57,58,FALALKALKKLAKKLKKLAKKAL,23,1,Active,active,0,development
58,59,FALALKALKKLKKALKKAL,19,1,Active,active,0,development
59,60,FALALKALKKLLKKLKKLAKKAL,23,1,Active,active,0,development
60,61,FALALKKALKALKKAL,16,1,Active,active,0,test
61,62,FALALKLAKKAL,12,0,Inactive,experimental,0,development
62,63,FALKALKKLKKALKKAL,17,1,Active,active,0,development
63,64,FALLKALKKAL,11,0,Inactive,experimental,0,development
64,65,FALLKALLKKAL,12,0,Inactive,experimental,0,development
65,66,FAVGLRAIKRALKKLRRGVRKVAKDL,26,0,Inactive,experimental,0,development
66,67,FKLAFKLAKKAFL,13,0,Inactive,experimental,0,test
67,68,FKRLAKIKVLRLAKIKR,17,1,Active,active,0,test
68,69,FKVKFKVKVK,10,0,Inactive,experimental,0,development
69,70,FLGALFHALSKLL,13,1,Active,active,0,test
70,71,FLGALFKALSHLL,13,1,Active,active,0,development
71,72,FLGALFKALSKLL,13,1,Active,active,0,test
72,73,FLGMIPGLIGGLISAFK,17,1,Active,active,0,development
73,74,FLGMIPKLIKKLIKAFK,17,1,Active,active,0,development
74,75,FLGWLFKWAKK,11,1,Active,active,0,development
75,76,FLGWLFKWAWK,11,1,Active,active,0,development
76,77,FLKLLAGLLKNFA,13,1,Active,active,0,development
77,78,FLKLLKKLAAKFLPTIICKISYKC,24,1,Active,active,0,test
78,79,FLKLLKKLAAKLF,13,1,Active,active,0,development
79,80,FLKWLFKWAKK,11,1,Active,active,0,test
80,81,FLSLIPKLVKKIIKAFK,17,1,Active,active,0,development
81,82,FLSLIPSLVGGSISAFK,17,0,Inactive,experimental,0,development
82,83,FLWWLFKWAWK,11,1,Active,active,0,development
83,84,GIGAVLKVLTTGLPALISWIKRKRQQ,26,1,Active,active,0,development
84,85,GIGKFLHAAKKFAKAFVAEIMNS,23,1,Active,active,0,development
85,86,GIGKFLHSAKKFAKAFVAEIMNS,23,1,Active,active,0,development
86,87,GIGKFLHSAKKFGKAFVGEIMNS,23,1,Active,active,0,development
87,88,GIGKFLKKAKKFAKAFVKIINN,22,1,Active,active,0,test
88,89,GIGKFLKKAKKFGKAFVKILKK,22,0,Inactive,experimental,0,development
89,90,GLFAVIKKVAAVIKKL,16,1,Active,active,0,test
90,91,GLFAVIKKVAAVIRRL,16,1,Active,active,0,test
91,92,GLFAVIKKVAKVIKKL,16,1,Active,active,0,development
92,93,GLFAVIKKVASVIGGL,16,1,Active,active,0,development
93,94,GLFAVIKKVASVIKGL,16,1,Active,active,0,development
94,95,GLFAVIKKVASVIKKL,16,1,Active,active,0,development
95,96,GLFDIAKKVIGVIGSL,16,1,Active,active,0,development
96,97,GLFDIIKKIAESF,13,1,Active,active,0,development
97,98,GLFDIVKKIAGHIAGSI,17,1,Active,active,0,development
98,99,GLFDIVKKIAGHIASSI,17,1,Active,active,0,development
99,100,GLFDIVKKIAGHIVSSI,17,1,Active,active,0,development
100,101,GLFDIVKKVVGAFGSL,16,1,Active,active,0,development
101,102,GLFDVIAKVASVIKKL,16,1,Active,active,0,development
102,103,GLFDVIKAVASVIGGL,16,1,Active,active,0,test
103,104,GLFDVIKKVAAVIGGL,16,1,Active,active,0,development
104,105,GLFDVIKKVASVIGGL,16,1,Active,active,0,development
105,106,GLFDVIKKVASVIKGL,16,1,Active,active,0,development
106,107,GLFDVIKKVASVIKKL,16,1,Active,active,0,development
107,108,GLFKVIKKVAKVIKKL,16,1,Active,active,0,development
108,109,GLFKVIKKVASVIGGL,16,1,Active,active,0,development
109,110,ILPWKWPWWPWRR,13,0,Inactive,experimental,0,development
110,111,KKKFPWWWPFKKK,13,1,Active,active,0,development
111,112,KKKFPWWWPFKKKCKKKFPWWWPFKKKC,28,1,Active,active,0,development
112,113,KKKFPWWWPFKKKKKKFPWWWPFKKKK,27,1,Active,active,0,development
113,114,KKVVFKVKFK,10,0,Inactive,experimental,0,test
114,115,KLAKKLAKLAKLAKAL,16,1,Active,active,0,development
115,116,KLALKLALKALKAAKLA,17,0,Inactive,experimental,0,development
116,117,KTKLFKKFAKKLAKKLKKLAKKL,23,1,Active,active,0,development
117,118,KWKKFLKIGIGKFLHLAKKF,20,1,Active,active,0,development
118,119,KWKLAKKALALL,12,0,Inactive,experimental,0,development
119,120,KWKLFAKIGIGKFLHLAKKF,20,1,Active,active,0,development
120,121,KWKLFKKALKKLKKALKKAL,20,1,Active,active,0,development
121,122,KWKLFKKIGAVLKVL,15,1,Active,active,0,development
122,123,KWKLFKKIGIGAFLHLAKKF,20,1,Active,active,0,development
123,124,KWKLFKKIGIGAFLHSAKKF,20,1,Active,active,0,development
124,125,KWKLFKKIGIGAVLKVLKKG,20,1,Active,active,0,development
125,126,KWKLFKKIGIGAVLKVLTTG,20,1,Active,active,0,development
126,127,KWKLFKKIGIGKFKLAKKF,19,1,Active,active,0,development
127,128,KWKLFKKIGIGKFLHLAKKF,20,1,Active,active,0,test
128,129,KWKLFKKIGIGKFLHSAKKF,20,1,Active,active,0,development
129,130,KWKLFKKIGIGKFLHSATTF,20,1,Active,active,0,development
130,131,KWKLFKKIKFLHSAKKF,17,0,Inactive,experimental,0,development
131,132,KWKLFKKIPKFLHSAKKF,18,1,Active,active,0,development
132,133,KWKLFKKKTKLFKKFAKKLAKKL,23,1,Active,active,0,development
133,134,KWKSFAKTFKSAKKTVLHTALKAISS,26,1,Active,active,0,development
134,135,KWKSFLKTFKSAKKTVAHTAAKAISS,26,1,Active,active,0,development
135,136,KWKSFLKTFKSAKKTVAHTALKAISS,26,1,Active,active,0,development
136,137,KWKSFLKTFKSAKKTVLHTALKAISS,26,1,Active,active,0,development
137,138,KWKSFLKTFKSAKKTVLHTLLKAISS,26,1,Active,active,0,development
138,139,KWKSFLKTFKSLKKTVLHTALKAISS,26,1,Active,active,0,test
139,140,KWKSFLKTFKSLKKTVLHTLLKAISS,26,1,Active,active,0,development
140,141,KWKSFLKTFKSLKKTVLHTLLKLISS,26,1,Active,active,0,development
141,142,KYKKALKKLAKLL,13,0,Inactive,experimental,0,test
142,143,LGGIVSAVKKIVDFLG,16,1,Active,active,0,development
143,144,LPKWKVFKKIEKVGRNIRNGIVKAGPAIAVLGEAKALG,38,1,Active,active,0,development
144,145,MPKWKVFKKIEKVGRNIRNGIVKAGPAIAVLGEAKALG,38,0,Inactive,experimental,0,test
145,146,RAGLQFPVGRLLRRLLRRLLR,21,1,Active,active,0,development
146,147,VAKKLAKLAKKLAKLAL,17,1,Active,active,0,test
147,148,VAKLLAKLAKKLL,13,1,Active,active,0,development
148,149,VAKLLAKLAKKVL,13,0,Inactive,experimental,0,test
149,150,VALALKALKKALKKLKKALKKAL,23,0,Inactive,experimental,0,development
150,151,WALAL,5,0,Inactive,experimental,0,development
151,152,AADIFSKFKKDMEVKFA,17,0,Inactive,virtual,1,development
152,153,AAQKDNVKSSWAKASA,16,0,Inactive,virtual,1,development
153,154,AASQRKLIAEKFAQALMSSL,20,0,Inactive,virtual,1,development
154,155,AAYATLYEALVLVATLAAP,19,0,Inactive,virtual,1,development
155,156,AEAHESIRLVFHDS,14,0,Inactive,virtual,1,development
156,157,AEGEREARVFTLWLNSL,17,0,Inactive,virtual,1,development
157,158,AEGVATADPLMRLAKQLK,18,0,Inactive,virtual,1,test
158,159,AEHAKVLMDSLTGVWDNFLT,20,0,Inactive,virtual,1,development
159,160,AEHLAKAELTTVFSTLYQKF,20,0,Inactive,virtual,1,development
160,161,AEKAKYDEIFLKT,13,0,Inactive,virtual,1,development
161,162,AFFTIAAVARVLD,13,0,Inactive,virtual,1,development
162,163,AFRHSVKEELNYIRRRLERFPNRL,24,0,Inactive,virtual,1,development
163,164,AGDVLHNVLQMLIIESHS,18,0,Inactive,virtual,1,development
164,165,AGEMVRQARILAQATSDLVNAIKADA,26,0,Inactive,virtual,1,development
165,166,AGNLDIMTSAALATAERMAQSMLN,24,0,Inactive,virtual,1,test
166,167,AHAIGVLLDNL,11,0,Inactive,virtual,1,test
167,168,AIEKEILIEAISS,13,0,Inactive,virtual,1,development
168,169,AKQEKIIIQVALNDITHVVELL,22,0,Inactive,virtual,1,test
169,170,AKVVRTALEDAASVAGLLIT,20,0,Inactive,virtual,1,test
170,171,ALAVAAKPFL,10,0,Inactive,virtual,1,development
171,172,ALGKVIKKWGTTVAKLA,17,0,Inactive,virtual,1,development
172,173,ALYGLLKEEMGEILAK,16,0,Inactive,virtual,1,test
173,174,AMFEQMRANVGKLLKG,16,0,Inactive,virtual,1,development
174,175,APDAEGRAIQAVYWANKWAKEQG,23,0,Inactive,virtual,1,test
175,176,APDLLISLATVLYHLQQ,17,0,Inactive,virtual,1,development
176,177,APEDVRKSSKEVL,13,0,Inactive,virtual,1,test
177,178,APLLNFVRDFVREDAKYLYSSLV,23,0,Inactive,virtual,1,development
178,179,AQTSRWAAMQIGMSFISAY,19,0,Inactive,virtual,1,test
179,180,ARDEAEMEYLKIAQ,14,0,Inactive,virtual,1,development
180,181,ASLPEAIEALTKG,13,0,Inactive,virtual,1,development
181,182,ATLKNLGSVHVSKG,14,0,Inactive,virtual,1,development
182,183,AVDTLVLALAEAT,13,0,Inactive,virtual,1,development
183,184,DAAALFRLHKFLTKW,15,0,Inactive,virtual,1,development
184,185,DAAGLASRHKG,11,0,Inactive,virtual,1,test
185,186,DAENRDLFLALLSV,14,0,Inactive,virtual,1,development
186,187,DAHAWMIGQLKGL,13,0,Inactive,virtual,1,development
187,188,DALEIFKTLFSLVMRFSSYL,20,0,Inactive,virtual,1,development
188,189,DAMLRTSMVATQLVGLAMMRYV,22,0,Inactive,virtual,1,test
189,190,DARAKKLLDKWAKWING,17,0,Inactive,virtual,1,development
190,191,DATAALALTMA,11,0,Inactive,virtual,1,development
191,192,DATLISELQQM,11,0,Inactive,virtual,1,development
192,193,DDADLEKFVIEY,12,0,Inactive,virtual,1,development
193,194,DDETLGVLMWILDRSIH,17,0,Inactive,virtual,1,development
194,195,DDETREELEELLIQA,15,0,Inactive,virtual,1,test
195,196,DDRVQSHILHLEHDLVHVTRKN,22,0,Inactive,virtual,1,development
196,197,DDYLKEQVLHMKQYVSDN,18,0,Inactive,virtual,1,test
197,198,DEAAFQKLMSNLD,13,0,Inactive,virtual,1,test
198,199,DEAGLMRELRLFRRRIMVRIAWAQTL,26,0,Inactive,virtual,1,development
199,200,DEETMERIMRELKKK,15,0,Inactive,virtual,1,development
200,201,DEFTKQHIVGK,11,0,Inactive,virtual,1,development
201,202,DEKAFKNTYRQAMND,15,0,Inactive,virtual,1,development
202,203,DEKKILKDFLIQ,12,0,Inactive,virtual,1,development
203,204,DEKSIITYVSSLYDAM,16,0,Inactive,virtual,1,development
204,205,DELLSKMRFAL,11,0,Inactive,virtual,1,development
205,206,DEPQVQAKIMAYLQQEQSNR,20,0,Inactive,virtual,1,development
206,207,DEQYREGAVRTVASFRERLDR,21,0,Inactive,virtual,1,development
207,208,DERLLQKYRAQVFEWG,16,0,Inactive,virtual,1,development
208,209,DEVLLALAEQLGT,13,0,Inactive,virtual,1,development
209,210,DFAALAQTAHRLKGVFAMLN,20,0,Inactive,virtual,1,development
210,211,DFLEEQYKGQRDLAGKASTLKK,22,0,Inactive,virtual,1,development
211,212,DFPALIKQASLDALFK,16,0,Inactive,virtual,1,test
212,213,DFSETINAYFVAKLL,15,0,Inactive,virtual,1,development
213,214,DGALKRAEELKTQANDYFK,19,0,Inactive,virtual,1,development
214,215,DGFSVLMRAMQQ,12,0,Inactive,virtual,1,development
215,216,DGGGFVISKHPVRLAKKLNR,20,0,Inactive,virtual,1,test
216,217,DHAVLEVLATPVREALLARFG,21,0,Inactive,virtual,1,test
217,218,DIFDFMERWIEKKLEYSASH,20,0,Inactive,virtual,1,development
218,219,DIHAAIEMLLG,11,0,Inactive,virtual,1,development
219,220,DIIGTEITSALKNVYSIAIAWIRGYESRKN,30,0,Inactive,virtual,1,development
220,221,DILREIGMIARALDSISNIEF,21,0,Inactive,virtual,1,development
221,222,DIRAVLRDLSFHLNGHILHSIFWPNM,26,0,Inactive,virtual,1,development
222,223,DIRTSLANDMAIYGDIIEATREHTELAENL,30,0,Inactive,virtual,1,development
223,224,DIYQQVRDELKRAS,14,0,Inactive,virtual,1,development
224,225,DKETMNIHHTK,11,0,Inactive,virtual,1,development
225,226,DLAANNGGWQWS,12,0,Inactive,virtual,1,development
226,227,DLARIEQFLDALWLE,15,0,Inactive,virtual,1,development
227,228,DLEAKKMYFDAVQAIETHL,19,0,Inactive,virtual,1,development
228,229,DLESDALGWQYITG,14,0,Inactive,virtual,1,test
229,230,DLGRKITSALRSLSN,15,0,Inactive,virtual,1,development
230,231,DLKQAESWLHKQAQKEGWSKAARLH,25,0,Inactive,virtual,1,development
231,232,DLKRAESMLQQA,12,0,Inactive,virtual,1,development
232,233,DLKTMTERLRS,11,0,Inactive,virtual,1,development
233,234,DLQLNANAERINVYY,15,0,Inactive,virtual,1,development
234,235,DLRELIARVRALIRRKS,17,0,Inactive,virtual,1,test
235,236,DLSASRSAIDSLNNRMLSQIWSH,23,0,Inactive,virtual,1,development
236,237,DLVDFAVEYFTRLREARRGLEHHH,24,0,Inactive,virtual,1,development
237,238,DMASLQQQRQE,11,0,Inactive,virtual,1,development
238,239,DMNQVLDAYEN,11,0,Inactive,virtual,1,test
239,240,DNAMANQYETLANARQKGIEKYL,23,0,Inactive,virtual,1,development
240,241,DNKTRFKIIKEKLKEF,16,0,Inactive,virtual,1,development
241,242,DNTYLNTAESLYDEF,15,0,Inactive,virtual,1,development
242,243,DNVVLQLQVARFLMKTVAQ,19,0,Inactive,virtual,1,development
243,244,DPARALFAAMSQ,12,0,Inactive,virtual,1,development
244,245,DPATVKKVVNFL,12,0,Inactive,virtual,1,development
245,246,DPAWQGFRELIEKAL,15,0,Inactive,virtual,1,development
246,247,DPEKVLFLAGNLLARLTE,18,0,Inactive,virtual,1,development
247,248,DPETLEAIAEN,11,0,Inactive,virtual,1,development
248,249,DPETNINIGTSYLQYVYQQF,20,0,Inactive,virtual,1,development
249,250,DPKRLQASLQTIVGMVVYSW,20,0,Inactive,virtual,1,development
250,251,DPLRERQVAEKQLAALGDILSA,22,0,Inactive,virtual,1,development
251,252,DPLWKKEMFEKYLSN,15,0,Inactive,virtual,1,test
252,253,DPQKADAVAVN,11,0,Inactive,virtual,1,development
253,254,DPQKRAVVNQRLYFDMGT,18,0,Inactive,virtual,1,development
254,255,DPTKLNHAVAGL,12,0,Inactive,virtual,1,development
255,256,DPYVILITEILL,12,0,Inactive,virtual,1,development
256,257,DQDKIQKAIAAG,12,0,Inactive,virtual,1,development
257,258,DQEDVAQTIRDYD,13,0,Inactive,virtual,1,development
258,259,DQGTLFELILAANYLD,16,0,Inactive,virtual,1,development
259,260,DQHLMAEYRELPRVFGAVRKHVANG,25,0,Inactive,virtual,1,development
260,261,DQNGEIYMWPVAQA,14,0,Inactive,virtual,1,test
261,262,DQQGVFVKGYAM,12,0,Inactive,virtual,1,development
262,263,DRASYEARERHVAERLLMHLEEM,23,0,Inactive,virtual,1,development
263,264,DRAVIEHNLLSASKL,15,0,Inactive,virtual,1,development
264,265,DRQLRSSIERVISIFQS,17,0,Inactive,virtual,1,development
265,266,DRTSFDKLANS,11,0,Inactive,virtual,1,development
266,267,DSEQVVHQLERLIAR,15,0,Inactive,virtual,1,development
267,268,DSGYRSAMSVQSSL,14,0,Inactive,virtual,1,development
268,269,DSMVVLQQRAYEILMTIME,19,0,Inactive,virtual,1,development
269,270,DSSVIISALKTYLVSG,16,0,Inactive,virtual,1,development
270,271,DSVASLLDVVKSTG,14,0,Inactive,virtual,1,test
271,272,DSVTNDIFNVAKASIEKHIWMLQAEL,26,0,Inactive,virtual,1,development
272,273,DTAFLMEQLELREELDEIEQAK,22,0,Inactive,virtual,1,development
273,274,DTMKDAGMQMKKVLDS,16,0,Inactive,virtual,1,development
274,275,DTRAWALAEKLFG,13,0,Inactive,virtual,1,development
275,276,DVALADSFDAL,11,0,Inactive,virtual,1,development
276,277,DVEAVEIMQRIHVLRSQGGFN,21,0,Inactive,virtual,1,development
277,278,DVLAEDTITALLH,13,0,Inactive,virtual,1,development
278,279,DVRVKEYFDDIARYFSIGLLNLIHLFG,27,0,Inactive,virtual,1,development
279,280,DWGEAFTAINL,11,0,Inactive,virtual,1,development
280,281,DWLKRLQKIFPPILSI,16,0,Inactive,virtual,1,development
281,282,DWYRTYAELRETA,13,0,Inactive,virtual,1,test
282,283,DYERFKSYIQTL,12,0,Inactive,virtual,1,development
283,284,EALVHKLTERM,11,0,Inactive,virtual,1,development
284,285,EAQKIDRLVQSFSGAYFQQN,20,0,Inactive,virtual,1,development
285,286,EDDIMYLM,8,0,Inactive,virtual,1,development
286,287,EDDSKLASRKYARIIQKI,18,0,Inactive,virtual,1,development
287,288,EDKEAVFDVVDTLTAVLQVATGVISTL,27,0,Inactive,virtual,1,test
288,289,EDLPKWSGYFEKLLKKN,17,0,Inactive,virtual,1,development
289,290,EDMIFEIFKNYLTKVAYYARQVAEMN,26,0,Inactive,virtual,1,development
290,291,EDNLLRQLAQKV,12,0,Inactive,virtual,1,development
291,292,EELHTSLVEEL,11,0,Inactive,virtual,1,development
292,293,EEMIAEFKAAFDMF,14,0,Inactive,virtual,1,development
293,294,EERVKNGLERLKKAIKSGKQST,22,0,Inactive,virtual,1,development
294,295,EESDIKYKTSKNFINKVY,18,0,Inactive,virtual,1,development
295,296,EEVKKHGTTVLTALGRILKQ,20,0,Inactive,virtual,1,development
296,297,EFPEMLAEIIT,11,0,Inactive,virtual,1,development
297,298,EFRDLHLFLGEAAETAEEVADELAERVQAL,30,0,Inactive,virtual,1,development
298,299,EGDQQLLKRVLVRKL,15,0,Inactive,virtual,1,development
299,300,EGHVAAVEVLRGIHRIADMS,20,0,Inactive,virtual,1,development
300,301,EGKDRELYGKLHETLKKVTEDLEA,24,0,Inactive,virtual,1,test
301,302,EGNKRLDSVNSIVS,14,0,Inactive,virtual,1,test
302,303,EGQQRRIRQQRLISIGKWIADNQ,23,0,Inactive,virtual,1,development
303,304,EGVAWLEAVLRLLAQ,15,0,Inactive,virtual,1,development
304,305,EHEIQEWYKGFLRD,14,0,Inactive,virtual,1,development
305,306,EIEKFRVWISIL,12,0,Inactive,virtual,1,development
306,307,EISEMVRMRERILDSIHLG,19,0,Inactive,virtual,1,development
307,308,EISKLVKKMISSWKDAIN,18,0,Inactive,virtual,1,development
308,309,EKETFREKFMQH,12,0,Inactive,virtual,1,test
309,310,EKNSYRKLVGNLYFVYSAMEEEMAKF,26,0,Inactive,virtual,1,development
310,311,EKVQYLTRSAIRR,13,0,Inactive,virtual,1,development
311,312,EMNYYTVLFGVSRALGVLAQLIWSRAL,27,0,Inactive,virtual,1,development
312,313,EPEEVFKSVLKEMEG,15,0,Inactive,virtual,1,development
313,314,EPEKVDKLQEPLLEALRLYARRRR,24,0,Inactive,virtual,1,development
314,315,EPGQRKIVMHK,11,0,Inactive,virtual,1,test
315,316,EQEILRQVKKAYDRAARLG,19,0,Inactive,virtual,1,test
316,317,EQEVYAQVARL,11,0,Inactive,virtual,1,development
317,318,EQPSLVRTLDQLEDK,15,0,Inactive,virtual,1,development
318,319,ERQEVKQMVVATLAES,16,0,Inactive,virtual,1,development
319,320,ERVRAAMEKLA,11,0,Inactive,virtual,1,development
320,321,ESLYESIRRRYEEL,14,0,Inactive,virtual,1,development
321,322,ESPVRKILRIVFHDAI,16,0,Inactive,virtual,1,development
322,323,ETNIRVALEKSFL,13,0,Inactive,virtual,1,development
323,324,EVKRRFPTKLGAWALIWWLL,20,0,Inactive,virtual,1,development
324,325,EVKRSVNRDFAKWFLIVFI,19,0,Inactive,virtual,1,development
325,326,EVNRNFGERINDLRILILLL,20,0,Inactive,virtual,1,test
326,327,EVVGRVSKLWNEWWLIV,17,0,Inactive,virtual,1,development
327,328,EWQTMVAALQA,11,0,Inactive,virtual,1,development
328,329,EYKYYKLKLAEMQR,14,0,Inactive,virtual,1,test
329,330,FADLFDPVIQERH,13,0,Inactive,virtual,1,development
330,331,FALRLRRVINRIGQAWR,17,0,Inactive,virtual,1,development
331,332,FEVIDTIKAAVENA,14,0,Inactive,virtual,1,development
332,333,FFSFELVESINDVKKSLR,18,0,Inactive,virtual,1,development
333,334,FGLKVLGWYSEMKRNVQRLERAIEEV,26,0,Inactive,virtual,1,development
334,335,FHSVAEQF,8,0,Inactive,virtual,1,development
335,336,FIAVHEMLDGFRTALIDHLDTMAERAVQ,28,0,Inactive,virtual,1,development
336,337,FKATIADLSKKR,12,0,Inactive,virtual,1,development
337,338,FKEAIEAIAESA,12,0,Inactive,virtual,1,development
338,339,FKGKIIKKVISTGAKLI,17,0,Inactive,virtual,1,development
339,340,FKSIYRFFEHGLK,13,0,Inactive,virtual,1,development
340,341,FKSVQNSLQRILYLWAIRH,19,0,Inactive,virtual,1,test
341,342,FLDQNMLAVIDELMQAL,17,0,Inactive,virtual,1,development
342,343,FLLKKLKKVATGFAKG,16,0,Inactive,virtual,1,development
343,344,FLLSKAKDAKSSAEGAV,17,0,Inactive,virtual,1,development
344,345,FNQRRISSAKFLGELYNY,18,0,Inactive,virtual,1,test
345,346,FNRMFEKSTHHYTDSVGGILR,21,0,Inactive,virtual,1,development
346,347,FPLLVDHTSREADYFRKRLIQLNEG,25,0,Inactive,virtual,1,development
347,348,FPNLASAAFYWSKKEN,16,0,Inactive,virtual,1,development
348,349,FPQLTQNNSRE,11,0,Inactive,virtual,1,test
349,350,FSALNIAVHELSDVGRAIVRN,21,0,Inactive,virtual,1,development
350,351,FSEFIQALSVTSRG,14,0,Inactive,virtual,1,development
351,352,FTELQRDFLRN,11,0,Inactive,virtual,1,test
352,353,FTRIIKAAG,9,0,Inactive,virtual,1,development
353,354,FVPVFFVVVRRR,12,0,Inactive,virtual,1,development
354,355,FYQTFFDEADELLADMEQHLLDL,23,0,Inactive,virtual,1,development
355,356,GAFRKLLQSAKDN,13,0,Inactive,virtual,1,development
356,357,GAGTSVNMNTNEVLANIGLELM,22,0,Inactive,virtual,1,test
357,358,GAPLARMEVTLALESLFGRF,20,0,Inactive,virtual,1,development
358,359,GAQYIQAAGVALGLKMR,17,0,Inactive,virtual,1,test
359,360,GAVAIARVFSY,11,0,Inactive,virtual,1,development
360,361,GEAEIASLKSQIRA,14,0,Inactive,virtual,1,development
361,362,GEAYLLLERYVAFLRA,16,0,Inactive,virtual,1,development
362,363,GEDAILKKVAEEAAETLMASKD,22,0,Inactive,virtual,1,development
363,364,GEGWAKSILFN,11,0,Inactive,virtual,1,test
364,365,GEKRAEEIKKILMT,14,0,Inactive,virtual,1,development
365,366,GFFGWFNRMFEKSTHHYTDSVGGI,24,0,Inactive,virtual,1,test
366,367,GFKNEVRTPVTKFRIVFFVV,20,0,Inactive,virtual,1,development
367,368,GFMIWHPKMDEYMEEIDGYLDEMSERLITL,30,0,Inactive,virtual,1,development
368,369,GFSVQRRLWLAS,12,0,Inactive,virtual,1,test
369,370,GFYPMVAAQRI,11,0,Inactive,virtual,1,test
370,371,GGFAAAIARRA,11,0,Inactive,virtual,1,development
371,372,GGKEALAIENFADAL,15,0,Inactive,virtual,1,test
372,373,GGSSGVLMSIFFTAAGQKLEQ,21,0,Inactive,virtual,1,development
373,374,GHNLISLLEVLSG,13,0,Inactive,virtual,1,development
374,375,GIHELAVFAEEH,12,0,Inactive,virtual,1,development
375,376,GKASLRAAELYSKY,14,0,Inactive,virtual,1,development
376,377,GKDAAAEEISQLLYHVQVMMVARG,24,0,Inactive,virtual,1,development
377,378,GKKGPKFIQAVASLKA,16,0,Inactive,virtual,1,development
378,379,GKSNMMDAISFVL,13,0,Inactive,virtual,1,development
379,380,GKTTAALALARELFG,15,0,Inactive,virtual,1,development
380,381,GKTTFVKRHLTG,12,0,Inactive,virtual,1,development
381,382,GKTTILYRLQVG,12,0,Inactive,virtual,1,development
382,383,GLEKLEESIYRE,12,0,Inactive,virtual,1,development
383,384,GLFDKVKSLVPKIAKAV,17,0,Inactive,virtual,1,development
384,385,GLFDVIGSQAGGAAPHFLG,19,0,Inactive,virtual,1,development
385,386,GLFKLIKFAKKKSPGAF,17,0,Inactive,virtual,1,development
386,387,GLGKIIGKVKKSLLKSI,17,0,Inactive,virtual,1,development
387,388,GLGLVLKIAVNAFLKLVA,18,0,Inactive,virtual,1,test
388,389,GLLDIAGGNAETLAGHAV,18,0,Inactive,virtual,1,development
389,390,GLNAELTRYTLSLMVLERKLSSA,23,0,Inactive,virtual,1,development
390,391,GLTSLMAIDKL,11,0,Inactive,virtual,1,test
391,392,GLWAIAVKAGKVILKLIVFIWIRV,24,0,Inactive,virtual,1,test
392,393,GLWKSLGAVVKRVEGLWVGLF,21,0,Inactive,virtual,1,development
393,394,GNFADLLAHSDGLIKNISDDLRALDKLI,28,0,Inactive,virtual,1,test
394,395,GNYLRAEILYRLK,13,0,Inactive,virtual,1,development
395,396,GPDMTAMVALIASV,14,0,Inactive,virtual,1,test
396,397,GPKDAVVKVFNQWG,14,0,Inactive,virtual,1,test
397,398,GPKKAQLIVGWRELHG,16,0,Inactive,virtual,1,development
398,399,GSDFLIHFIDE,11,0,Inactive,virtual,1,development
399,400,GSHANEFFFRA,11,0,Inactive,virtual,1,development
400,401,GTLRHAANAAFIMLEAAEL,19,0,Inactive,virtual,1,development
401,402,GTTTAVIIAGGLLQQAQGLIN,21,0,Inactive,virtual,1,development
402,403,GVSGLAAARQLQSF,14,0,Inactive,virtual,1,development
403,404,GWQNELLLLLRYLDEN,16,0,Inactive,virtual,1,development
404,405,GYKKVSKSYTGEWKKYLNSL,20,0,Inactive,virtual,1,development
405,406,HAHASAIAKAYASEIAFEAANQAIQIHG,28,0,Inactive,virtual,1,development
406,407,HALRTIVFELLTRH,14,0,Inactive,virtual,1,test
407,408,HDKHIEIVVRQM,12,0,Inactive,virtual,1,development
408,409,HDLVTDGLITLYIETK,16,0,Inactive,virtual,1,development
409,410,HFGSLLLLAAWLAEN,15,0,Inactive,virtual,1,development
410,411,HGLVKAGHPLKRKLGH,16,0,Inactive,virtual,1,test
411,412,HHKAYVDGANTALDKLAEARDK,22,0,Inactive,virtual,1,development
412,413,HKEMAKAFEEW,11,0,Inactive,virtual,1,development
413,414,HLDLINMMSRLAREELVHHEQVLRLMKRR,29,0,Inactive,virtual,1,development
414,415,HMKMRSQLLIVLQEHLRN,18,0,Inactive,virtual,1,development
415,416,HPAFIAHADRVLGGLDIAIST,21,0,Inactive,virtual,1,test
416,417,HPFYQALGQLARLTLAQWQAQL,22,0,Inactive,virtual,1,development
417,418,HQAAMQMLKETINEEAAEWDRLH,23,0,Inactive,virtual,1,development
418,419,HSATRAAMLVRINT,14,0,Inactive,virtual,1,test
419,420,HSDWISNANKVRVIYWQMT,19,0,Inactive,virtual,1,development
420,421,HSRRGLLKMVGKRRRLLAYLRNK,23,0,Inactive,virtual,1,development
421,422,HTFLDDIVGAIAAAAASRLAHSYHD,25,0,Inactive,virtual,1,development
422,423,HVVDEKARLIYED,13,0,Inactive,virtual,1,development
423,424,HWDKVADMVANFAHEIDTYG,20,0,Inactive,virtual,1,test
424,425,IAMVNGLMGVLDKLAHLIDE,20,0,Inactive,virtual,1,development
425,426,IASEFKNIATNS,12,0,Inactive,virtual,1,development
426,427,IDDLRVIARENLERRRK,17,0,Inactive,virtual,1,development
427,428,IDDSVNNLIPFMQKH,15,0,Inactive,virtual,1,test
428,429,IEEATEFYENDV,12,0,Inactive,virtual,1,development
429,430,IEFRKAFLKIL,11,0,Inactive,virtual,1,development
430,431,IGVQQHADKVQRALGEAIDD,20,0,Inactive,virtual,1,development
431,432,IHNVVGKL,8,0,Inactive,virtual,1,development
432,433,IKPLNNFAAEVGKIRDS,17,0,Inactive,virtual,1,test
433,434,IMELLGTVIQHEGIHQGQYYVALKQSG,27,0,Inactive,virtual,1,test
434,435,IPAAKINWDRDIEYMAGILEN,21,0,Inactive,virtual,1,development
435,436,IPAVANWIKRR,11,0,Inactive,virtual,1,development
436,437,IPEAKSFYGFQIMIENIHSETYSLLIDTYI,30,0,Inactive,virtual,1,development
437,438,IRVNATKAYEMAL,13,0,Inactive,virtual,1,development
438,439,KDAENHKAYLKSH,13,0,Inactive,virtual,1,test
439,440,KDFETLKVDFLSKLPEMLKMFEDRL,25,0,Inactive,virtual,1,development
440,441,KDTVIEDIIDKTFEEAD,17,0,Inactive,virtual,1,development
441,442,KEDIHRSLVEELTKISAKEK,20,0,Inactive,virtual,1,development
442,443,KEEGYFYFRSRLSQ,14,0,Inactive,virtual,1,development
443,444,KEEVQKVLEDA,11,0,Inactive,virtual,1,development
444,445,KEIAEKMVEGRMKKFTGEV,19,0,Inactive,virtual,1,development
445,446,KFLKKWEGIWATFKPALSAVV,21,0,Inactive,virtual,1,development
446,447,KFLRFILKWFKVIFQ,15,0,Inactive,virtual,1,development
447,448,KFLTKLKNIVANIRIWWVILL,21,0,Inactive,virtual,1,development
448,449,KGQEYINNIHL,11,0,Inactive,virtual,1,development
449,450,KHFDFLAEFNAKAND,15,0,Inactive,virtual,1,development
450,451,KHHAAYVNNLNNALKK,16,0,Inactive,virtual,1,test
451,452,KIPDDLQADFNKFR,14,0,Inactive,virtual,1,test
452,453,KKAEAVATVVAAVDQARVR,19,0,Inactive,virtual,1,test
453,454,KKDVKLILDTILETITEALAK,21,0,Inactive,virtual,1,development
454,455,KKEELQRSLNILTAF,15,0,Inactive,virtual,1,development
455,456,KKQELLEALTKHFQ,14,0,Inactive,virtual,1,development
456,457,KKTAERLIVEMKDRFKG,17,0,Inactive,virtual,1,development
457,458,KKVKGYKRALTE,12,0,Inactive,virtual,1,development
458,459,KLDSRFDNNLGKFRFVLLLFV,21,0,Inactive,virtual,1,test
459,460,KLEEKFPQVAAT,12,0,Inactive,virtual,1,development
460,461,KLKELALIFISNLVAN,16,0,Inactive,virtual,1,test
461,462,KNIKRNVEKIIAQWDERTRK,20,0,Inactive,virtual,1,development
462,463,KPEEVEQIKLYVMSREYEDYMAR,23,0,Inactive,virtual,1,development
463,464,KPEQYNIVGEHLLATLDEMFS,21,0,Inactive,virtual,1,test
464,465,KPQELLSLIIERFE,14,0,Inactive,virtual,1,test
465,466,KPQERADLISYLKEATS,17,0,Inactive,virtual,1,development
466,467,KPWLSVILFLIRERSR,16,0,Inactive,virtual,1,development
467,468,KQAEAEEFVQTLGQSLA,17,0,Inactive,virtual,1,development
468,469,KQLTAIAALAE,11,0,Inactive,virtual,1,test
469,470,KREIIHAVLTGLALDQLAEQ,20,0,Inactive,virtual,1,development
470,471,KREVQNAILTGIQLDKLAED,20,0,Inactive,virtual,1,development
471,472,KSEALAKMWGQRK,13,0,Inactive,virtual,1,development
472,473,KTASTGFAELLKDRREQV,18,0,Inactive,virtual,1,development
473,474,KTFRTTFKTLL,11,0,Inactive,virtual,1,development
474,475,KVAEFERLFRQAAG,14,0,Inactive,virtual,1,development
475,476,KVNRAVAAEIRNWTWVFLIW,20,0,Inactive,virtual,1,development
476,477,KVRETREILDIIDTVYNS,18,0,Inactive,virtual,1,development
477,478,KVRGLIEIISN,11,0,Inactive,virtual,1,test
478,479,KVSDILTVAIRLEEEGERFYRELS,24,0,Inactive,virtual,1,development
479,480,KVVDNFENILII,12,0,Inactive,virtual,1,development
480,481,KVWKGVKTIIADVWQV,16,0,Inactive,virtual,1,development
481,482,KWEAEKIHIGFRQAY,15,0,Inactive,virtual,1,development
482,483,KWVRIWIKVLRGLFVWVWFF,20,0,Inactive,virtual,1,development
483,484,KYDHFAGRAYVRLHQD,16,0,Inactive,virtual,1,development
484,485,LADLQEQLYNG,11,0,Inactive,virtual,1,development
485,486,LDAYINLGNVLKEA,14,0,Inactive,virtual,1,development
486,487,LDEAATRSKAWMVDALA,17,0,Inactive,virtual,1,development
487,488,LEARMKQFKDMLLER,15,0,Inactive,virtual,1,development
488,489,LEEFDKVSKNVD,12,0,Inactive,virtual,1,development
489,490,LEPIKAWIEKR,11,0,Inactive,virtual,1,test
490,491,LEQVEFKLNQLLENL,15,0,Inactive,virtual,1,test
491,492,LHDAIHMAADNAV,13,0,Inactive,virtual,1,development
492,493,LKRAEALIHLANAALE,16,0,Inactive,virtual,1,test
493,494,LKYVGMVLNEALRLW,15,0,Inactive,virtual,1,development
494,495,LLNIRREFIEKY,12,0,Inactive,virtual,1,development
495,496,LLPALLQQIGREN,13,0,Inactive,virtual,1,development
496,497,LLTEVETYVLSI,12,0,Inactive,virtual,1,test
497,498,LMEPVREAAGRLADA,15,0,Inactive,virtual,1,development
498,499,LMGHQKKILGSIQTMRAQLT,20,0,Inactive,virtual,1,development
499,500,LNNFSRYFLHQSREETEHAEKLMRLQNQRG,30,0,Inactive,virtual,1,development
500,501,LPEDQELLFQSASLELFVLRLAYRA,25,0,Inactive,virtual,1,test
501,502,LPHFYELFSLWA,12,0,Inactive,virtual,1,development
502,503,LPIHYKLSQEFFLKAYEN,18,0,Inactive,virtual,1,development
503,504,LQAPLQRRILEIGKKH,16,0,Inactive,virtual,1,development
504,505,LQMEFKYLAYLTG,13,0,Inactive,virtual,1,development
505,506,LQNAIIEFYTEYY,13,0,Inactive,virtual,1,development
506,507,LQWYVSEQHEEEALFRGIVDKIKLIG,26,0,Inactive,virtual,1,test
507,508,LREIVENMIKSSLERAIAAY,20,0,Inactive,virtual,1,development
508,509,LRSWFRERLIAHRLASVNL,19,0,Inactive,virtual,1,development
509,510,LRTYFMERLRHYRQLSL,17,0,Inactive,virtual,1,development
510,511,LSTVSNFFMNA,11,0,Inactive,virtual,1,development
511,512,LVGALMHVMQKRSR,14,0,Inactive,virtual,1,test
512,513,LVLPIAQALKVLG,13,0,Inactive,virtual,1,test
513,514,MEALKKQILQI,11,0,Inactive,virtual,1,development
514,515,MEKLNQLWEKAQRLH,15,0,Inactive,virtual,1,development
515,516,MLEEYRKHVAERAAE,15,0,Inactive,virtual,1,test
516,517,MPEVFNYLGIYLTQA,15,0,Inactive,virtual,1,test
517,518,MPGTATHTVKMFS,13,0,Inactive,virtual,1,test
518,519,MPYTDAVVHEVQRYID,16,0,Inactive,virtual,1,test
519,520,MTDQQAEARAF,11,0,Inactive,virtual,1,development
520,521,MVFKQMEQVAQFLKAAEDY,19,0,Inactive,virtual,1,development
521,522,MYSNRMRSYKQEMGKLETDFKRSRI,25,0,Inactive,virtual,1,development
522,523,NAAGWDLLLTLYRSA,15,0,Inactive,virtual,1,development
523,524,NAAQLDALAHALLEIPRFSYATR,23,0,Inactive,virtual,1,development
524,525,NAGQANEFFNEFWS,14,0,Inactive,virtual,1,development
525,526,NAKIARINELAAKAKAGV,18,0,Inactive,virtual,1,development
526,527,NAKYVAEATGNFITVMDALKL,21,0,Inactive,virtual,1,development
527,528,NASRTVGVVAALL,13,0,Inactive,virtual,1,development
528,529,NDAEVKKIAAQYGKD,15,0,Inactive,virtual,1,development
529,530,NDEETVALTAGGHT,14,0,Inactive,virtual,1,development
530,531,NEEVRIEAIIGLSYR,15,0,Inactive,virtual,1,development
531,532,NEQDLGIQYKALKPEVDKLNIMAAKRQQEL,30,0,Inactive,virtual,1,test
532,533,NEYIMSLISDN,11,0,Inactive,virtual,1,development
533,534,NFKDVIETAKKVMNF,15,0,Inactive,virtual,1,test
534,535,NGETFLTELLD,11,0,Inactive,virtual,1,test
535,536,NGLEVVKALAQG,12,0,Inactive,virtual,1,development
536,537,NIDEIERKIDEAIEKE,16,0,Inactive,virtual,1,development
537,538,NIDSYLNAVNIINIFKIIG,19,0,Inactive,virtual,1,test
538,539,NIEQLWRDYNKYEEGIN,17,0,Inactive,virtual,1,development
539,540,NILKQIFKLLQA,12,0,Inactive,virtual,1,development
540,541,NINELFIEISRRI,13,0,Inactive,virtual,1,development
541,542,NIPKHTHRFFILVLEI,16,0,Inactive,virtual,1,development
542,543,NKDQWEERIQVWHEEH,16,0,Inactive,virtual,1,development
543,544,NKEEMMDIVKAIYDMMG,17,0,Inactive,virtual,1,test
544,545,NKLVDRWLHVRKHLLVAYYNLVG,23,0,Inactive,virtual,1,development
545,546,NKQADSIKQMEERNKKRVENFKKTG,25,0,Inactive,virtual,1,test
546,547,NKRAVDWAMRAAMAL,15,0,Inactive,virtual,1,development
547,548,NKSVGAVYAILYLS,14,0,Inactive,virtual,1,development
548,549,NLDSIQEELADVIAWTVSIANLEG,24,0,Inactive,virtual,1,development
549,550,NLEQTARRWLEERG,14,0,Inactive,virtual,1,development
550,551,NLESEIHTVLKHLVENN,17,0,Inactive,virtual,1,development
551,552,NLFDHFSAVAQRL,13,0,Inactive,virtual,1,development
552,553,NLFPIVFGVIFDA,13,0,Inactive,virtual,1,development
553,554,NLLYDIVKENG,11,0,Inactive,virtual,1,test
554,555,NLNQSIDNFVNMAFFA,16,0,Inactive,virtual,1,development
555,556,NLSTLAALVAAAG,13,0,Inactive,virtual,1,development
556,557,NLTQLKASFAVQ,12,0,Inactive,virtual,1,development
557,558,NLVADMRFNVVRESEARLQVSRLYS,25,0,Inactive,virtual,1,development
558,559,NNAITKGFTALEKLLV,16,0,Inactive,virtual,1,development
559,560,NPAAEKMQVLQVLDRLRGKLQEKG,24,0,Inactive,virtual,1,development
560,561,NPAQYLAQHEQLL,13,0,Inactive,virtual,1,development
561,562,NPARALYQTVRELIENSLDA,20,0,Inactive,virtual,1,test
562,563,NPEILLARVKRFLERE,16,0,Inactive,virtual,1,test
563,564,NPERVLLQLKYRYDVEI,17,0,Inactive,virtual,1,development
564,565,NPGQAIWLGEFSKRH,15,0,Inactive,virtual,1,development
565,566,NPMIIEGQIHGGLTEGYAVAMG,22,0,Inactive,virtual,1,development
566,567,NPQVLADIGAEAT,13,0,Inactive,virtual,1,test
567,568,NPRWIGRHKHMFNFLD,16,0,Inactive,virtual,1,development
568,569,NPVLQQHFRNLEALAL,16,0,Inactive,virtual,1,test
569,570,NQDELEGYNLFKGSG,15,0,Inactive,virtual,1,test
570,571,NQPFALEMIKSRQKKD,16,0,Inactive,virtual,1,development
571,572,NQRALLKSLQDYRQHLDQLITLISN,25,0,Inactive,virtual,1,development
572,573,NREANLQALIATG,13,0,Inactive,virtual,1,test
573,574,NRKMAMGRKKFNMD,14,0,Inactive,virtual,1,development
574,575,NSDQDAGIAIIRRAL,15,0,Inactive,virtual,1,development
575,576,NSNHQMLLVQQAEDKIKELLNT,22,0,Inactive,virtual,1,test
576,577,NSNTFLTRLLVHM,13,0,Inactive,virtual,1,development
577,578,NSREREMFVQEVRRYY,16,0,Inactive,virtual,1,test
578,579,NSSDSIDWLTSM,12,0,Inactive,virtual,1,development
579,580,NSVLRAVAEVYA,12,0,Inactive,virtual,1,test
580,581,NTDTLERVTEIFKALG,16,0,Inactive,virtual,1,test
581,582,NTEKLLKTVPIIQNQMDALLD,21,0,Inactive,virtual,1,development
582,583,NTPEAYSVLFDMAREVNRLKAED,23,0,Inactive,virtual,1,development
583,584,NVGKAWAEDVLALVKH,16,0,Inactive,virtual,1,development
584,585,NVKDLADAAKRT,12,0,Inactive,virtual,1,development
585,586,NVKDVTKLVAN,11,0,Inactive,virtual,1,development
586,587,NWDDMEKIWHHTFYN,15,0,Inactive,virtual,1,development
587,588,NYAHLNRGIALYYG,14,0,Inactive,virtual,1,development
588,589,NYEEIYILNHILR,13,0,Inactive,virtual,1,development
589,590,NYEKFSETKERLLEKF,16,0,Inactive,virtual,1,development
590,591,PAERYYRDARIT,12,0,Inactive,virtual,1,development
591,592,PALDILKALVDNLYVEN,17,0,Inactive,virtual,1,development
592,593,PATSRKIFKYIRELDE,16,0,Inactive,virtual,1,development
593,594,PDEVSALRRTTEKNTTTLINLAKQH,25,0,Inactive,virtual,1,development
594,595,PDFRKAFKRLL,11,0,Inactive,virtual,1,development
595,596,PDIKAQYQQRWL,12,0,Inactive,virtual,1,development
596,597,PDYREVMETFQE,12,0,Inactive,virtual,1,development
597,598,PEALTVAATEVRRIRDRAIQSDAQVAPMTT,30,0,Inactive,virtual,1,development
598,599,PEDFANHLFTVFD,13,0,Inactive,virtual,1,development
599,600,PEKEAVTLGIKALKSSL,17,0,Inactive,virtual,1,test
600,601,PEVQIAILTEQINNLNEHLRV,21,0,Inactive,virtual,1,development
601,602,PEYEHLYTELTGTIVLLIES,20,0,Inactive,virtual,1,test
602,603,PGLRRAWKRLQ,11,0,Inactive,virtual,1,development
603,604,PGRIQRVARGS,11,0,Inactive,virtual,1,development
604,605,PIAFIHKAI,9,0,Inactive,virtual,1,development
605,606,PIDIDYMISDTLELLR,16,0,Inactive,virtual,1,development
606,607,PIEAFLRLNEELEERG,16,0,Inactive,virtual,1,development
607,608,PIKFIRKA,8,0,Inactive,virtual,1,test
608,609,PKAYAQHVFRS,11,0,Inactive,virtual,1,development
609,610,PKPLVSFFQSLLQLVNHDLLEQQN,24,0,Inactive,virtual,1,development
610,611,PLEELFLEQLEA,12,0,Inactive,virtual,1,development
611,612,PLGRLIHMVNQKKDRLLNEYLS,22,0,Inactive,virtual,1,development
612,613,PLTKGILGFVFTLT,14,0,Inactive,virtual,1,development
613,614,PNDMSRIFNIVKESL,15,0,Inactive,virtual,1,test
614,615,PNGPTHAPWLLAHKIQ,16,0,Inactive,virtual,1,test
615,616,PQHERDVIYEEES,13,0,Inactive,virtual,1,development
616,617,PQSYAMAIARQESA,14,0,Inactive,virtual,1,development
617,618,PQYALELLTVYAWEQGS,17,0,Inactive,virtual,1,development
618,619,PQYSQARVMLVKTISMISIVDDTFDA,26,0,Inactive,virtual,1,development
619,620,PRESFAVLASALALMAAVFERLAVEIRELS,30,0,Inactive,virtual,1,development
620,621,PRRQQSLALRWLVQAANQ,18,0,Inactive,virtual,1,development
621,622,PSALIDQEINVLRQQAAQRF,20,0,Inactive,virtual,1,development
622,623,PSDQQNEMVRE,11,0,Inactive,virtual,1,development
623,624,PSFFRLHKYMDNIFKKHTD,19,0,Inactive,virtual,1,development
624,625,PSSQIVGTQAVFNVMMG,17,0,Inactive,virtual,1,development
625,626,PSVVANTVKGG,11,0,Inactive,virtual,1,test
626,627,PTKEREQVIAHLGL,14,0,Inactive,virtual,1,development
627,628,PTLLDLFAEDIGHANQLLQLVDEEFQALER,30,0,Inactive,virtual,1,development
628,629,PVSDTMDMLTKL,12,0,Inactive,virtual,1,development
629,630,PWTQRFFESFG,11,0,Inactive,virtual,1,development
630,631,QAGNYASMFWLT,12,0,Inactive,virtual,1,development
631,632,QAKEVLKQHFEKS,13,0,Inactive,virtual,1,development
632,633,QARVWVARAVSEHQRFTA,18,0,Inactive,virtual,1,development
633,634,QASTGSLLNILR,12,0,Inactive,virtual,1,test
634,635,QDDVLEALSAAVR,13,0,Inactive,virtual,1,development
635,636,QDELVWGAYWLYKAT,15,0,Inactive,virtual,1,development
636,637,QDLLDRVLAAHAYWSQ,16,0,Inactive,virtual,1,development
637,638,QEWVELMVEAKE,12,0,Inactive,virtual,1,development
638,639,QFRRGANFKFELGEILEND,19,0,Inactive,virtual,1,development
639,640,QFSRQMLDRKLLLG,14,0,Inactive,virtual,1,development
640,641,QGLAEKIFWSLK,12,0,Inactive,virtual,1,test
641,642,QHLAKLEMKIFFEEL,15,0,Inactive,virtual,1,development
642,643,QIKQTNAGAVYRLIDQLG,18,0,Inactive,virtual,1,development
643,644,QINEMHLLIQQAR,13,0,Inactive,virtual,1,development
644,645,QIPRIAREKIRGLTEYF,17,0,Inactive,virtual,1,development
645,646,QLEESMLYSLN,11,0,Inactive,virtual,1,development
646,647,QLLRGVGAAATAVTQALNELLQHVKA,26,0,Inactive,virtual,1,test
647,648,QLVDRLDQSWQYYQDRLMA,19,0,Inactive,virtual,1,development
648,649,QLVSFLIRLLKVWIRVVI,18,0,Inactive,virtual,1,development
649,650,QMSFWGATVITGLFG,15,0,Inactive,virtual,1,development
650,651,QPNAILEKVFTA,12,0,Inactive,virtual,1,development
651,652,QRAFLKLYMITMTE,14,0,Inactive,virtual,1,development
652,653,QTREHLLLARQI,12,0,Inactive,virtual,1,development
653,654,QVIAKWGAWVKRIEAKFRSL,20,0,Inactive,virtual,1,development
654,655,QVIEVLNKQVADWSVLFTKLHNFHWYV,27,0,Inactive,virtual,1,development
655,656,QVTQELRALMDETMKELKAYKSELEE,26,0,Inactive,virtual,1,development
656,657,RAAAIEQLKIWGERVG,16,0,Inactive,virtual,1,test
657,658,RDIPELAQLQSEILDAIW,18,0,Inactive,virtual,1,development
658,659,REEEKEALRFAEAQ,14,0,Inactive,virtual,1,development
659,660,REEIYQAFEAIYPVLSEF,18,0,Inactive,virtual,1,development
660,661,REGFLSPLKAYLI,13,0,Inactive,virtual,1,development
661,662,RFESAVETLLDIESQLEDL,19,0,Inactive,virtual,1,development
662,663,RFLIRVYHPLLLKVL,15,0,Inactive,virtual,1,test
663,664,RFLKRVQPLVNRWLLLI,17,0,Inactive,virtual,1,development
664,665,RFSGKVREDLTKIVWVFFW,19,0,Inactive,virtual,1,development
665,666,RFVPRWRTVVGQFKRDILVIFLW,23,0,Inactive,virtual,1,development
666,667,RGEQMKGHAATIEDQVRRMIA,21,0,Inactive,virtual,1,development
667,668,RGFRGWWLASTILLLVAEK,19,0,Inactive,virtual,1,development
668,669,RGQLIREAYED,11,0,Inactive,virtual,1,development
669,670,RHSDNINKFLDFIHGI,16,0,Inactive,virtual,1,development
670,671,RIENGLRKRLQSIYRHLEE,19,0,Inactive,virtual,1,test
671,672,RILKNFDSWWGKVIVIL,17,0,Inactive,virtual,1,development
672,673,RILQWIIRLLLIVWW,15,0,Inactive,virtual,1,development
673,674,RIWARLQGVFRVVFWL,16,0,Inactive,virtual,1,development
674,675,RKQSLEQDLQFYYG,14,0,Inactive,virtual,1,test
675,676,RLDEAEASARSGIEVL,16,0,Inactive,virtual,1,development
676,677,RLFEQASRLAEHY,13,0,Inactive,virtual,1,development
677,678,RLKSGWRDALKQIVFFFFL,19,0,Inactive,virtual,1,development
678,679,RLLGKWSAILKNVRFFFFWL,20,0,Inactive,virtual,1,test
679,680,RLVVLEALTNFLNH,14,0,Inactive,virtual,1,development
680,681,RLWTQWQAIVQEIRFLWLLL,20,0,Inactive,virtual,1,development
681,682,RMDEVRTLQENLRQLQDEYDQQQT,24,0,Inactive,virtual,1,development
682,683,RNEVVSLMQANG,12,0,Inactive,virtual,1,development
683,684,RPEDKSKIVAEIR,13,0,Inactive,virtual,1,development
684,685,RPEVQDALSAE,11,0,Inactive,virtual,1,development
685,686,RPQLRNLLHEK,11,0,Inactive,virtual,1,development
686,687,RPRIIAAIWHYVKAR,15,0,Inactive,virtual,1,development
687,688,RRQELEEFSAALARR,15,0,Inactive,virtual,1,development
688,689,RVIEGIKNVIPKLLTWWP,18,0,Inactive,virtual,1,development
689,690,RVNAAIPNIIV,11,0,Inactive,virtual,1,development
690,691,RVWRWIVKWWLFV,13,0,Inactive,virtual,1,development
691,692,RYGWRTAVDYSWFG,14,0,Inactive,virtual,1,development
692,693,SAATADFVAMTAMAARIF,18,0,Inactive,virtual,1,development
693,694,SAAWAEWQKAR,11,0,Inactive,virtual,1,test
694,695,SAEEMVQTLVNDYSALIQELKEGMEVAGEA,30,0,Inactive,virtual,1,development
695,696,SANNIIEEIQMQK,13,0,Inactive,virtual,1,development
696,697,SASSQNAWLAANRN,14,0,Inactive,virtual,1,development
697,698,SAVKVLAEESK,11,0,Inactive,virtual,1,development
698,699,SDEFNTVADNLVTFGDSFLQVILDHI,26,0,Inactive,virtual,1,development
699,700,SDELSRAWEVAYDELAAAIK,20,0,Inactive,virtual,1,development
700,701,SDIFNKNMRAHALEK,15,0,Inactive,virtual,1,test
701,702,SDIKKLGSSWIINWFFG,17,0,Inactive,virtual,1,development
702,703,SDSEISTILSDVVTNER,17,0,Inactive,virtual,1,development
703,704,SDWYLKGRLTSLESQFINALGILET,25,0,Inactive,virtual,1,test
704,705,SEAAKAYMKGLEYQMSGNEQWSKT,24,0,Inactive,virtual,1,test
705,706,SEEEENNVIEQAKEEIKEAIKKADET,26,0,Inactive,virtual,1,development
706,707,SEELNSAWTIAYDELAIVIKKEMDDA,26,0,Inactive,virtual,1,development
707,708,SEERIRSGVKRLSKSRQ,17,0,Inactive,virtual,1,test
708,709,SEEVLAMVSRKM,12,0,Inactive,virtual,1,development
709,710,SEEYIQLLKKLI,12,0,Inactive,virtual,1,development
710,711,SEREAVEIIKKN,12,0,Inactive,virtual,1,development
711,712,SESAVSHQLRSLRNL,15,0,Inactive,virtual,1,development
712,713,SESKLIEQAFR,11,0,Inactive,virtual,1,test
713,714,SFADFKAQFTDAAIKN,16,0,Inactive,virtual,1,development
714,715,SFDRVMNAIEEN,12,0,Inactive,virtual,1,development
715,716,SFSRIISELGTRD,13,0,Inactive,virtual,1,development
716,717,SGARRVRIAQTLTEN,15,0,Inactive,virtual,1,development
717,718,SGDELYELLQHILKQRDHHHHH,22,0,Inactive,virtual,1,development
718,719,SGPAYVFYLLDALQNAAIRQ,20,0,Inactive,virtual,1,development
719,720,SGRFWKLYIEAEIKA,15,0,Inactive,virtual,1,test
720,721,SGTIKAAHEVLMEMG,15,0,Inactive,virtual,1,development
721,722,SHAQDIYKEAFNSAWDQY,18,0,Inactive,virtual,1,development
722,723,SIDEKYEAEVKKSEIDHHK,19,0,Inactive,virtual,1,test
723,724,SIERLLEMESL,11,0,Inactive,virtual,1,test
724,725,SIPHLANLLIERSQ,14,0,Inactive,virtual,1,development
725,726,SISRYKTIEWLNYIATEL,18,0,Inactive,virtual,1,development
726,727,SKDALMLEAFEQLLGKRRELLGE,23,0,Inactive,virtual,1,development
727,728,SKDLAQTSYFMATNSLHLT,19,0,Inactive,virtual,1,test
728,729,SKEDIDTAMKLGAG,14,0,Inactive,virtual,1,development
729,730,SKEDVERVKLRINLARNWVKKY,22,0,Inactive,virtual,1,test
730,731,SKEEQRDYVFYLAVGNYRL,19,0,Inactive,virtual,1,development
731,732,SKIQKELVAIMN,12,0,Inactive,virtual,1,development
732,733,SKPIQNVESGFIFALVS,17,0,Inactive,virtual,1,development
733,734,SKYLKSLLSLM,11,0,Inactive,virtual,1,development
734,735,SKYRLTVVVAKRAQQLLRH,19,0,Inactive,virtual,1,test
735,736,SLAEALGWLFVSEGS,15,0,Inactive,virtual,1,test
736,737,SLEQQFSIRSFATQVQNM,18,0,Inactive,virtual,1,development
737,738,SLESLIDMITSI,12,0,Inactive,virtual,1,development
738,739,SLKDQLALAIGKLG,14,0,Inactive,virtual,1,development
739,740,SLLPTLSAIAEL,12,0,Inactive,virtual,1,development
740,741,SLPEMFDKMRPYYEESKKRVKE,22,0,Inactive,virtual,1,development
741,742,SMDHRIERLEYYIQLLVK,18,0,Inactive,virtual,1,test
742,743,SNEQRQDIAFAYQRRTK,17,0,Inactive,virtual,1,development
743,744,SNEVMRILISRSLLQE,16,0,Inactive,virtual,1,test
744,745,SNTELQAVDGRFKRAVASMEAARALTNN,28,0,Inactive,virtual,1,development
745,746,SPAEVRDLDFANDASKVLGSIAGKLEK,27,0,Inactive,virtual,1,development
746,747,SPAQAEALGVWRRYRAYFDA,20,0,Inactive,virtual,1,development
747,748,SPAVIDYVNRLEEIRDNV,18,0,Inactive,virtual,1,development
748,749,SPAVQMKIKELYRRR,15,0,Inactive,virtual,1,test
749,750,SPEEAAALVDGLR,13,0,Inactive,virtual,1,development
750,751,SPEEKEEWMKSIKASISR,18,0,Inactive,virtual,1,development
751,752,SPEHRQELIER,11,0,Inactive,virtual,1,development
752,753,SPEIASGLKKLIRE,14,0,Inactive,virtual,1,development
753,754,SPEQMQVLLDQAG,13,0,Inactive,virtual,1,development
754,755,SPEVVVARGEQE,12,0,Inactive,virtual,1,development
755,756,SPKEAYAYLEKLRSIIQYTG,20,0,Inactive,virtual,1,development
756,757,SPKESEVLRLFAEG,14,0,Inactive,virtual,1,development
757,758,SPKSTYSYWASVLN,14,0,Inactive,virtual,1,development
758,759,SPSKSLQMILRRALGDFENMLAD,23,0,Inactive,virtual,1,development
759,760,SPVVIKKRIEGLIER,15,0,Inactive,virtual,1,test
760,761,SQESINQLVYMG,12,0,Inactive,virtual,1,development
761,762,SQRQRDELNRAIADYLRSN,19,0,Inactive,virtual,1,development
762,763,SRAITQYIAHR,11,0,Inactive,virtual,1,development
763,764,SRAKASFDTRVAAAELALNR,20,0,Inactive,virtual,1,development
764,765,SRDLQEKYERHMEKLIELANKEVERT,26,0,Inactive,virtual,1,development
765,766,SRKALTEGNIMAVQAMAYFKELIQKRKRH,29,0,Inactive,virtual,1,development
766,767,SRPLHISTFINELDSGFRLL,20,0,Inactive,virtual,1,development
767,768,SRWGVLILVAL,11,0,Inactive,virtual,1,development
768,769,SSAVSRIISKLKQ,13,0,Inactive,virtual,1,development
769,770,SSQNWQRFYQLTKLLDSMHEVVENLL,26,0,Inactive,virtual,1,development
770,771,SSREWFSTLYRLFIG,15,0,Inactive,virtual,1,test
771,772,STATFYDAKKFLIQE,15,0,Inactive,virtual,1,development
772,773,STEVVALSRLQGSLQDMLWQLDLS,24,0,Inactive,virtual,1,development
773,774,STLVQTPALRAVGNIV,16,0,Inactive,virtual,1,development
774,775,STLVSVAVALAAYKTG,16,0,Inactive,virtual,1,development
775,776,SVADHSYRVAFITLLLAEELKKK,23,0,Inactive,virtual,1,test
776,777,SVEGLQEFVKNLVGYYI,17,0,Inactive,virtual,1,development
777,778,SVEKKVPLLHNFHSFL,16,0,Inactive,virtual,1,development
778,779,SVEVAELWSTFMQKWIAYTAAVIDAERDR,29,0,Inactive,virtual,1,development
779,780,SVLENHHLAVGFKL,14,0,Inactive,virtual,1,development
780,781,SVNSEIYQRVMESFKKEG,18,0,Inactive,virtual,1,development
781,782,SVPYFIENLKQHIEMN,16,0,Inactive,virtual,1,development
782,783,SVRKVFHLVRIKQVAWANEG,20,0,Inactive,virtual,1,development
783,784,SVSRAAITAAY,11,0,Inactive,virtual,1,development
784,785,SVSSIKQAVDFLSNE,15,0,Inactive,virtual,1,development
785,786,SVTELITKAVSA,12,0,Inactive,virtual,1,development
786,787,SVTKILQRFEDAGG,14,0,Inactive,virtual,1,development
787,788,SVWASISSYLDELTEGL,17,0,Inactive,virtual,1,development
788,789,SWQSLKDRYLKHL,13,0,Inactive,virtual,1,development
789,790,SYKDLFLELYGKIKD,15,0,Inactive,virtual,1,development
790,791,TAAQELMIQQLVAAQLQ,17,0,Inactive,virtual,1,development
791,792,TAEQRREMLEAKRKQIINFISRN,23,0,Inactive,virtual,1,development
792,793,TAESFYNQGIRLSFEQWG,18,0,Inactive,virtual,1,development
793,794,TAHEAVLDFLTGRVEVFT,18,0,Inactive,virtual,1,development
794,795,TAKQIQAAYLLVENELM,17,0,Inactive,virtual,1,development
795,796,TAPEMTALVGGMRVLG,16,0,Inactive,virtual,1,development
796,797,TDAEAKQLAQWILS,14,0,Inactive,virtual,1,development
797,798,TDKQFENRLNDNLEELIQ,18,0,Inactive,virtual,1,development
798,799,TDLEILALLIAALSH,15,0,Inactive,virtual,1,development
799,800,TDQQKVSEIFQSSKEKLQGDAKVVSDAFK,29,0,Inactive,virtual,1,test
800,801,TEAKKEELLRKLNILEVF,18,0,Inactive,virtual,1,development
801,802,TEEEMLQAAHITAKLAQAAET,21,0,Inactive,virtual,1,development
802,803,TEKGKEIFGEILSNFESLLKSVLEK,25,0,Inactive,virtual,1,development
803,804,TEQDIIDLKFAIAD,14,0,Inactive,virtual,1,development
804,805,TEQNFQLAKQIQSQWKEFG,19,0,Inactive,virtual,1,development
805,806,TEREQALAAYAEKLTRH,17,0,Inactive,virtual,1,test
806,807,TESMKTVRIREKIKKFL,17,0,Inactive,virtual,1,test
807,808,TETQIRELLFDLELAYKSFYALL,23,0,Inactive,virtual,1,development
808,809,TEVYQILNRVS,11,0,Inactive,virtual,1,development
809,810,TFPDKALKGKKSIENIVV,18,0,Inactive,virtual,1,development
810,811,TFPEWHRLYTVQFEDALRRH,20,0,Inactive,virtual,1,development
811,812,TFPNWHRLLTKQMEDALVAK,20,0,Inactive,virtual,1,development
812,813,TFSQVLDDLSARFI,14,0,Inactive,virtual,1,development
813,814,TGALRTQYDVSLMTVKS,17,0,Inactive,virtual,1,development
814,815,THAEMLHALKERY,13,0,Inactive,virtual,1,development
815,816,THNKLLKNVAFMKSYILEKVKEHQES,26,0,Inactive,virtual,1,development
816,817,TIEEFHSKLQEATN,14,0,Inactive,virtual,1,test
817,818,TIQSRFNYAWGLIKS,15,0,Inactive,virtual,1,development
818,819,TISLGVSIAHVMEAVE,16,0,Inactive,virtual,1,development
819,820,TITEMVFLAEVYKSGG,16,0,Inactive,virtual,1,development
820,821,TIVELVVRVWRWFLVIWVLW,20,0,Inactive,virtual,1,development
821,822,TKDEFMSGEPIFTKYFQNLV,20,0,Inactive,virtual,1,development
822,823,TKDEQVEGLLA,11,0,Inactive,virtual,1,development
823,824,TKGEREMIVVATSAAN,16,0,Inactive,virtual,1,test
824,825,TKIWLNAARRTGKVPARIRKL,21,0,Inactive,virtual,1,development
825,826,TLDQMRSRLAYDG,13,0,Inactive,virtual,1,development
826,827,TLEDYVRYVTLDM,13,0,Inactive,virtual,1,development
827,828,TLIREWGDAVFDIF,14,0,Inactive,virtual,1,development
828,829,TMEGKFKAVAEDVAQRYMT,19,0,Inactive,virtual,1,development
829,830,TMVQAITDALRIELKND,17,0,Inactive,virtual,1,development
830,831,TNDEIFSILKD,11,0,Inactive,virtual,1,development
831,832,TPAKALKSAIHVAYILKK,18,0,Inactive,virtual,1,development
832,833,TPDQQTLLHFIMDSYN,16,0,Inactive,virtual,1,development
833,834,TPEEVKKHYEILVEDIKYIESG,22,0,Inactive,virtual,1,development
834,835,TPEEYQTYVAQVDK,14,0,Inactive,virtual,1,development
835,836,TPEKMGEMAQKFRE,14,0,Inactive,virtual,1,development
836,837,TPEKRVDRIFAMMD,14,0,Inactive,virtual,1,test
837,838,TPERLEKLVKEVL,13,0,Inactive,virtual,1,development
838,839,TPETITHYLETVNHAM,16,0,Inactive,virtual,1,development
839,840,TPEVVKERLLS,11,0,Inactive,virtual,1,development
840,841,TPLGIGITDYYIR,13,0,Inactive,virtual,1,development
841,842,TPQDIADRERIFKRFD,16,0,Inactive,virtual,1,development
842,843,TPSDIKELRDAMAKVQAD,18,0,Inactive,virtual,1,development
843,844,TPVYRTAIRYYLQMLF,16,0,Inactive,virtual,1,development
844,845,TPWSKGFLASSYASR,15,0,Inactive,virtual,1,development
845,846,TPYDAKGLLISAIRD,15,0,Inactive,virtual,1,development
846,847,TQAQETQGQAAARAAAADLAAG,22,0,Inactive,virtual,1,development
847,848,TQDLRSHLVHKLVQAIF,17,0,Inactive,virtual,1,test
848,849,TQGLLSEILRK,11,0,Inactive,virtual,1,development
849,850,TQGMQNAMGERFAQYALSSEKLY,23,0,Inactive,virtual,1,development
850,851,TQSDVYAMVGYIHELW,16,0,Inactive,virtual,1,development
851,852,TRELAYMIKKA,11,0,Inactive,virtual,1,test
852,853,TRTQRRIAVVEFIFSLL,17,0,Inactive,virtual,1,development
853,854,TSAQTKVVVDA,11,0,Inactive,virtual,1,development
854,855,TSFDEYVAELDSK,13,0,Inactive,virtual,1,development
855,856,TSHLMGMFYRTIRMMEN,17,0,Inactive,virtual,1,development
856,857,TTDEINAMDKALILYT,16,0,Inactive,virtual,1,development
857,858,TTGNFEKLFVALVEYMRAS,19,0,Inactive,virtual,1,development
858,859,TVEEVNALKNEILKAHA,17,0,Inactive,virtual,1,development
859,860,TVFGTALNYVSLRIL,15,0,Inactive,virtual,1,development
860,861,TVLAALFLAGS,11,0,Inactive,virtual,1,test
861,862,TYYAKDIAFQFWKM,14,0,Inactive,virtual,1,test
862,863,VADIAKLKVNIIKNVRII,18,0,Inactive,virtual,1,development
863,864,VADPVAAFKWRAQ,13,0,Inactive,virtual,1,development
864,865,VDDNLYPQLERASRKIFEFLERE,23,0,Inactive,virtual,1,development
865,866,VEAIEALLKGN,11,0,Inactive,virtual,1,test
866,867,VFWPTMLKAAG,11,0,Inactive,virtual,1,development
867,868,VGVLLQLLVQA,11,0,Inactive,virtual,1,development
868,869,VGYETAAKLAREAYLTG,17,0,Inactive,virtual,1,development
869,870,VHVLADAFKRYLLD,14,0,Inactive,virtual,1,development
870,871,VIDPLHTHLTRLVAAYTG,18,0,Inactive,virtual,1,test
871,872,VKYAVFEAALTKAITAMSEVQKVSQ,25,0,Inactive,virtual,1,test
872,873,VLSFKTGIISL,11,0,Inactive,virtual,1,test
873,874,VMELLTKTLGWDIQEELNKLT,21,0,Inactive,virtual,1,development
874,875,VMGQNLILNMND,12,0,Inactive,virtual,1,test
875,876,VMPSLLQAFDLTA,13,0,Inactive,virtual,1,development
876,877,VMQWVIRILGGGLQKAL,17,0,Inactive,virtual,1,development
877,878,VNFLVADALKQHRHRRDDVIVMLSAR,26,0,Inactive,virtual,1,development
878,879,VNQFLDYLQEFLGVMNT,17,0,Inactive,virtual,1,development
879,880,VPMQRVLKYHLLLQELVK,18,0,Inactive,virtual,1,test
880,881,VQEVNRFIKAFEEMKALMKSL,21,0,Inactive,virtual,1,test
881,882,VSDARSAITSAQELLDS,17,0,Inactive,virtual,1,development
882,883,VWHYALWSLIQQSEILFAQ,19,0,Inactive,virtual,1,development
883,884,VYGPFWKNWQAQ,12,0,Inactive,virtual,1,development
884,885,WATLLAQWADRAL,13,0,Inactive,virtual,1,development
885,886,WDDIRNDLFRIQNDLFVLGEDVST,24,0,Inactive,virtual,1,development
886,887,YAKGALQYLVPILTQTLT,18,0,Inactive,virtual,1,development
887,888,YDDIIEAAGELG,12,0,Inactive,virtual,1,development
888,889,YDLLKDLEEGIQTLMGRL,18,0,Inactive,virtual,1,development
889,890,YEDKAVELYSRTAR,14,0,Inactive,virtual,1,development
890,891,YETLEFLGDALVNFFIVDLLVQYS,24,0,Inactive,virtual,1,development
891,892,YFSKGIPNVLRR,12,0,Inactive,virtual,1,development
892,893,YGSIGLTNFGYLDKE,15,0,Inactive,virtual,1,development
893,894,YKEPLKAVVKKLLEKE,16,0,Inactive,virtual,1,test
894,895,YKKFRQLIQVN,11,0,Inactive,virtual,1,development
895,896,YLADLFLAPQIHGAINRFQ,19,0,Inactive,virtual,1,development
896,897,YLDKEVKLIKKMGNHLTNLRRVA,23,0,Inactive,virtual,1,development
897,898,YLSESVETIKKLGDHITSLKKLW,23,0,Inactive,virtual,1,development
898,899,YPIVDAAMRQLTETG,15,0,Inactive,virtual,1,development
899,900,YQNIVKAVQYAARKLQ,16,0,Inactive,virtual,1,development
900,901,YQQQKKYLGRMTE,13,0,Inactive,virtual,1,development
