rank,ID,sequence,true_class,total_wrong_count,traditional_wrong_count,esm2_wrong_count,all_models_mean_true_class_probability,mean_absolute_descriptor_z,most_extreme_descriptor,nearest_test_sequence_margin,nearest_test_esm2_margin,nearest_development_sequence_margin,nearest_development_esm2_margin,development_sequence_top10_purity,development_esm2_top10_purity,consensus_mean_residue_sensitivity,consensus_max_residue_sensitivity,consensus_flip_positions,top_sensitive_position_1,top_sensitive_residue_1,top_sensitive_value_1,top_sensitive_motif_context_1,top_sensitive_residue_category_1,top_sensitive_position_2,top_sensitive_residue_2,top_sensitive_value_2,top_sensitive_motif_context_2,top_sensitive_residue_category_2,top_sensitive_position_3,top_sensitive_residue_3,top_sensitive_value_3,top_sensitive_motif_context_3,top_sensitive_residue_category_3,universal_8_of_8_error,persistent_under_all_esm2_models,opposite_class_test_neighbor_sequence,opposite_class_test_neighbor_esm2,opposite_class_development_neighbor_sequence,opposite_class_development_neighbor_esm2,low_esm2_top10_purity,high_descriptor_extremeness,residue_sensitivity_available,high_residue_sensitivity,motif_linked_top_residue
1,48,FAKLLFKALKKAL,Inactive,8,4,4,0.0838693282286331,1.0513565087967565,hydrophobic_moment,0.0769230769230769,0.0017252012411713,0.010989010989011,0.0018427446091502,0.4,0.4,0.4276992634708683,0.8319074830785393,6.0,9.0,L,0.8319074830785393,LK;KAL,Hydrophobic,13.0,L,0.7640619392072161,KAL,Hydrophobic,5.0,L,0.76150292451183,KLL,Hydrophobic,True,True,True,True,True,True,True,True,True,True,True
2,40,FAKLLAKLAKKFAL,Inactive,8,4,4,0.1149611882493707,0.9415260643515528,boman_index,0.0,-0.0018555521125194,-0.0714285714285714,0.0012719967750463,0.6,0.4,0.4526589177205847,0.7415902774889642,7.0,12.0,F,0.7415902774889642,FA,Hydrophobic,8.0,L,0.7278454670185843,KL;LA;LAK;AKL;KLA,Hydrophobic,5.0,L,0.7152742500416934,LA;LAK;KLL,Hydrophobic,True,True,False,False,False,True,True,False,True,True,True
3,145,MPKWKVFKKIEKVGRNIRNGIVKAGPAIAVLGEAKALG,Inactive,8,4,4,0.1363799200290561,1.7805069507667663,length,0.0789473684210526,0.0010579075615596,0.6842105263157895,0.0206787332814267,0.0,0.3,0.0678512969161524,0.4873459243774414,3.0,8.0,K,0.4873459243774414,KK,Basic,5.0,K,0.3331322050094604,Outside recurrent motifs,Basic,12.0,K,0.2982133917013804,Outside recurrent motifs,Basic,True,True,True,True,True,True,True,True,True,True,True
4,56,FALALKALKKALKKLKKALKKAL,Inactive,8,4,4,0.1717281412587163,1.3311551122811214,net_charge_pH7_4,0.1739130434782608,0.0431536309993398,-0.0869565217391304,-0.0084386248791219,0.2,0.4,0.1291264822553186,0.2334341889619827,1.0,1.0,F,0.2334341889619827,FA,Hydrophobic,12.0,L,0.2063324876626332,LK;KAL,Hydrophobic,8.0,L,0.2048294969399769,LK;KAL,Hydrophobic,True,True,True,True,False,False,True,True,True,True,True
5,68,FKRLAKIKVLRLAKIKR,Active,8,4,4,0.1810938378753838,0.9919344227607968,net_charge_pH7_4,-0.0294117647058823,-0.0039866399887129,0.0076726342710997,0.0023794241709664,0.1,0.2,0.1080678465522618,0.186725258063913,0.0,14.0,K,0.186725258063913,AK;LAK,Basic,6.0,K,0.1833463261295886,AK;LAK,Basic,15.0,I,0.1546176920854486,Outside recurrent motifs,Hydrophobic,True,True,False,False,True,True,True,False,True,True,True
6,388,GLGLVLKIAVNAFLKLVA,Inactive,6,2,4,0.2982594947609492,0.8653880975178421,boman_index,-0.0555555555555555,-7.09375753100705e-05,-0.0202020202020202,0.0019009559381055,0.6,0.2,,,,,,,,,,,,,,,,,,,False,True,False,False,False,True,True,False,False,False,False
7,67,FKLAFKLAKKAFL,Inactive,6,4,2,0.3887843806992543,0.8901512205323527,boman_index,-0.0274725274725273,-0.0065411236474108,-0.1538461538461537,0.001781215191729,0.9,0.7,,,,,,,,,,,,,,,,,,,False,False,False,False,False,True,False,False,False,False,False
8,149,VAKLLAKLAKKVL,Inactive,6,4,2,0.4620281229071072,1.099279072596588,hydrophobic_moment,0.0769230769230769,0.0050689294763596,0.0769230769230769,0.0011248336501095,0.7,0.5,,,,,,,,,,,,,,,,,,,False,False,True,True,True,True,False,True,False,False,False
9,33,FAKLLAKALKKL,Inactive,5,2,3,0.4494362087709954,1.1238590926774932,hydrophobic_moment,0.0769230769230769,-0.0019322225875697,0.0,0.0007097956886982,0.5,0.7,,,,,,,,,,,,,,,,,,,False,False,True,False,False,True,False,True,False,False,False
10,47,FAKLLAKLAKLKL,Inactive,5,2,3,0.4788242327300986,0.8587698180524274,boman_index,-0.0769230769230769,-0.0071687941032926,0.0,0.0004765808467102,0.8,0.7,,,,,,,,,,,,,,,,,,,False,False,False,False,False,True,False,False,False,False,False
11,43,FAKLLAKLAKKL,Inactive,4,2,2,0.516269323101404,1.1202039816022489,hydrophobic_moment,0.0,-0.0028076807876415,0.0,0.000166677290595,0.7,0.7,,,,,,,,,,,,,,,,,,,False,False,False,False,False,True,False,True,False,False,False
12,392,GLWAIAVKAGKVILKLIVFIWIRV,Inactive,3,2,1,0.5257106872496187,1.373410405369534,mean_eisenberg_hydrophobicity,0.0416666666666666,0.0061079333797043,0.0416666666666666,0.0048386364094181,0.1,0.2,,,,,,,,,,,,,,,,,,,False,False,True,True,True,True,True,True,False,False,False
13,91,GLFAVIKKVAAVIRRL,Active,3,3,0,0.5661888794077531,0.8880847550100036,isoelectric_point,-0.4632352941176471,-0.0134371039144227,-0.375,-0.0111562737633551,1.0,0.8,,,,,,,,,,,,,,,,,,,False,False,False,False,False,False,False,False,False,False,False
14,55,FALALKALKKAL,Inactive,3,2,1,0.6307197894533085,1.0439931254775778,boman_index,0.0,-0.0016375720800957,0.0,-0.002903456175573,0.5,0.8,,,,,,,,,,,,,,,,,,,False,False,False,False,False,False,False,True,False,False,False
15,142,KYKKALKKLAKLL,Inactive,3,2,1,0.6373421668525332,1.084600363483823,hydrophobic_moment,0.1085972850678732,-0.0018223932048011,-0.0673076923076922,-0.0029460416085271,0.8,0.6,,,,,,,,,,,,,,,,,,,False,False,True,False,False,False,False,True,False,False,False
