peptide_ID,sequence,true_class,label,analysis_group,position,original_residue,residue_category,original_is_alanine,perturbation_performed,rf_absolute_delta_true_class_probability,xgboost_absolute_delta_true_class_probability,consensus_importance,rf_prediction_flip,xgboost_prediction_flip,any_prediction_flip,consensus_importance_rank
48,FAKLLFKALKKAL,Inactive,0,Consensus hard error,1,F,Hydrophobic,False,True,0.32999999999999996,0.550637423992157,0.44031871199607847,False,True,True,5.0
48,FAKLLFKALKKAL,Inactive,0,Consensus hard error,2,A,Hydrophobic,True,False,,,,False,False,False,
48,FAKLLFKALKKAL,Inactive,0,Consensus hard error,3,K,Basic,False,True,0.22666666666666657,0.6223414838314056,0.4245040752490361,False,True,True,6.0
48,FAKLLFKALKKAL,Inactive,0,Consensus hard error,4,L,Hydrophobic,False,True,0.13,0.04141414165496826,0.08570707082748413,False,False,False,10.0
48,FAKLLFKALKKAL,Inactive,0,Consensus hard error,5,L,Hydrophobic,False,True,0.6233333333333333,0.8996725156903267,0.76150292451183,True,True,True,3.0
48,FAKLLFKALKKAL,Inactive,0,Consensus hard error,6,F,Hydrophobic,False,True,0.1233333333333333,0.12043124437332153,0.12188228885332741,False,False,False,9.0
48,FAKLLFKALKKAL,Inactive,0,Consensus hard error,7,K,Basic,False,True,0.2699999999999999,0.6519310772418976,0.46096553862094874,False,True,True,4.0
48,FAKLLFKALKKAL,Inactive,0,Consensus hard error,8,A,Hydrophobic,True,False,,,,False,False,False,
48,FAKLLFKALKKAL,Inactive,0,Consensus hard error,9,L,Hydrophobic,False,True,0.69,0.9738149661570787,0.8319074830785393,True,True,True,1.0
48,FAKLLFKALKKAL,Inactive,0,Consensus hard error,10,K,Basic,False,True,0.17333333333333334,0.3304958939552307,0.251914613644282,False,False,False,7.0
48,FAKLLFKALKKAL,Inactive,0,Consensus hard error,11,K,Basic,False,True,0.12,0.14845597743988037,0.13422798871994018,False,False,False,8.0
48,FAKLLFKALKKAL,Inactive,0,Consensus hard error,12,A,Hydrophobic,True,False,,,,False,False,False,
48,FAKLLFKALKKAL,Inactive,0,Consensus hard error,13,L,Hydrophobic,False,True,0.5766666666666665,0.9514572117477655,0.7640619392072161,True,True,True,2.0
40,FAKLLAKLAKKFAL,Inactive,0,Consensus hard error,1,F,Hydrophobic,False,True,0.3533333333333333,0.7029377520084381,0.5281355426708857,True,True,True,5.0
40,FAKLLAKLAKKFAL,Inactive,0,Consensus hard error,2,A,Hydrophobic,True,False,,,,False,False,False,
40,FAKLLAKLAKKFAL,Inactive,0,Consensus hard error,3,K,Basic,False,True,0.30333333333333334,0.7942483425140381,0.5487908379236857,True,True,True,4.0
40,FAKLLAKLAKKFAL,Inactive,0,Consensus hard error,4,L,Hydrophobic,False,True,0.22999999999999998,0.3214917778968811,0.27574588894844054,False,False,False,8.0
40,FAKLLAKLAKKFAL,Inactive,0,Consensus hard error,5,L,Hydrophobic,False,True,0.44999999999999996,0.9805485000833869,0.7152742500416934,True,True,True,3.0
40,FAKLLAKLAKKFAL,Inactive,0,Consensus hard error,6,A,Hydrophobic,True,False,,,,False,False,False,
40,FAKLLAKLAKKFAL,Inactive,0,Consensus hard error,7,K,Basic,False,True,0.2733333333333333,0.5960292220115662,0.43468127767244974,True,True,True,6.0
40,FAKLLAKLAKKFAL,Inactive,0,Consensus hard error,8,L,Hydrophobic,False,True,0.4733333333333333,0.9823576007038355,0.7278454670185843,True,True,True,2.0
40,FAKLLAKLAKKFAL,Inactive,0,Consensus hard error,9,A,Hydrophobic,True,False,,,,False,False,False,
40,FAKLLAKLAKKFAL,Inactive,0,Consensus hard error,10,K,Basic,False,True,0.15999999999999992,0.5565514266490936,0.3582757133245468,False,True,True,7.0
40,FAKLLAKLAKKFAL,Inactive,0,Consensus hard error,11,K,Basic,False,True,0.06666666666666665,0.018605828285217285,0.04263624747594197,False,False,False,10.0
40,FAKLLAKLAKKFAL,Inactive,0,Consensus hard error,12,F,Hydrophobic,False,True,0.4933333333333333,0.9898472216445953,0.7415902774889642,True,True,True,1.0
40,FAKLLAKLAKKFAL,Inactive,0,Consensus hard error,13,A,Hydrophobic,True,False,,,,False,False,False,
40,FAKLLAKLAKKFAL,Inactive,0,Consensus hard error,14,L,Hydrophobic,False,True,0.09999999999999998,0.20722734928131104,0.1536136746406555,False,False,False,9.0
145,MPKWKVFKKIEKVGRNIRNGIVKAGPAIAVLGEAKALG,Inactive,0,Consensus hard error,1,M,Hydrophobic,False,True,0.043333333333333335,0.05708497762680054,0.050209155480066936,False,False,False,10.0
145,MPKWKVFKKIEKVGRNIRNGIVKAGPAIAVLGEAKALG,Inactive,0,Consensus hard error,2,P,Polar/other,False,True,0.033333333333333326,0.06462866067886353,0.048980997006098426,False,False,False,11.0
145,MPKWKVFKKIEKVGRNIRNGIVKAGPAIAVLGEAKALG,Inactive,0,Consensus hard error,3,K,Basic,False,True,0.00666666666666671,0.043879568576812744,0.025273117621739727,False,False,False,22.0
145,MPKWKVFKKIEKVGRNIRNGIVKAGPAIAVLGEAKALG,Inactive,0,Consensus hard error,4,W,Hydrophobic,False,True,0.013333333333333308,0.05024218559265137,0.03178775946299234,False,False,False,19.0
145,MPKWKVFKKIEKVGRNIRNGIVKAGPAIAVLGEAKALG,Inactive,0,Consensus hard error,5,K,Basic,False,True,0.37,0.2962644100189209,0.33313220500946045,True,False,True,2.0
145,MPKWKVFKKIEKVGRNIRNGIVKAGPAIAVLGEAKALG,Inactive,0,Consensus hard error,6,V,Hydrophobic,False,True,0.030000000000000027,0.0043378472328186035,0.017168923616409315,False,False,False,27.0
145,MPKWKVFKKIEKVGRNIRNGIVKAGPAIAVLGEAKALG,Inactive,0,Consensus hard error,7,F,Hydrophobic,False,True,0.030000000000000027,0.0007528066635131836,0.015376403331756605,False,False,False,31.0
145,MPKWKVFKKIEKVGRNIRNGIVKAGPAIAVLGEAKALG,Inactive,0,Consensus hard error,8,K,Basic,False,True,0.48,0.4946918487548828,0.4873459243774414,True,True,True,1.0
145,MPKWKVFKKIEKVGRNIRNGIVKAGPAIAVLGEAKALG,Inactive,0,Consensus hard error,9,K,Basic,False,True,0.023333333333333317,0.0075539350509643555,0.015443634192148836,False,False,False,30.0
145,MPKWKVFKKIEKVGRNIRNGIVKAGPAIAVLGEAKALG,Inactive,0,Consensus hard error,10,I,Hydrophobic,False,True,0.06666666666666665,0.005671441555023193,0.03616905411084492,False,False,False,17.0
145,MPKWKVFKKIEKVGRNIRNGIVKAGPAIAVLGEAKALG,Inactive,0,Consensus hard error,11,E,Acidic,False,True,0.07666666666666666,0.06653434038162231,0.07160050352414449,False,False,False,6.0
145,MPKWKVFKKIEKVGRNIRNGIVKAGPAIAVLGEAKALG,Inactive,0,Consensus hard error,12,K,Basic,False,True,0.3733333333333333,0.2230934500694275,0.2982133917013804,True,False,True,3.0
145,MPKWKVFKKIEKVGRNIRNGIVKAGPAIAVLGEAKALG,Inactive,0,Consensus hard error,13,V,Hydrophobic,False,True,0.036666666666666625,0.05211585760116577,0.0443912621339162,False,False,False,13.0
145,MPKWKVFKKIEKVGRNIRNGIVKAGPAIAVLGEAKALG,Inactive,0,Consensus hard error,14,G,Polar/other,False,True,0.020000000000000018,0.025584697723388672,0.022792348861694345,False,False,False,24.0
145,MPKWKVFKKIEKVGRNIRNGIVKAGPAIAVLGEAKALG,Inactive,0,Consensus hard error,15,R,Basic,False,True,0.05666666666666664,0.015306532382965088,0.035986599524815865,False,False,False,18.0
145,MPKWKVFKKIEKVGRNIRNGIVKAGPAIAVLGEAKALG,Inactive,0,Consensus hard error,16,N,Polar/other,False,True,0.046666666666666634,0.07334202527999878,0.06000434597333271,False,False,False,8.0
145,MPKWKVFKKIEKVGRNIRNGIVKAGPAIAVLGEAKALG,Inactive,0,Consensus hard error,17,I,Hydrophobic,False,True,0.08999999999999997,0.052161335945129395,0.07108066797256468,False,False,False,7.0
145,MPKWKVFKKIEKVGRNIRNGIVKAGPAIAVLGEAKALG,Inactive,0,Consensus hard error,18,R,Basic,False,True,0.00666666666666671,0.06985193490982056,0.03825930078824363,False,False,False,16.0
145,MPKWKVFKKIEKVGRNIRNGIVKAGPAIAVLGEAKALG,Inactive,0,Consensus hard error,19,N,Polar/other,False,True,0.013333333333333308,0.014249324798583984,0.013791329065958646,False,False,False,33.0
145,MPKWKVFKKIEKVGRNIRNGIVKAGPAIAVLGEAKALG,Inactive,0,Consensus hard error,20,G,Polar/other,False,True,0.010000000000000009,0.05329477787017822,0.031647388935089116,False,False,False,20.0
145,MPKWKVFKKIEKVGRNIRNGIVKAGPAIAVLGEAKALG,Inactive,0,Consensus hard error,21,I,Hydrophobic,False,True,0.043333333333333335,0.035215139389038086,0.03927423636118571,False,False,False,14.0
145,MPKWKVFKKIEKVGRNIRNGIVKAGPAIAVLGEAKALG,Inactive,0,Consensus hard error,22,V,Hydrophobic,False,True,0.010000000000000009,0.02187246084213257,0.01593623042106629,False,False,False,29.0
145,MPKWKVFKKIEKVGRNIRNGIVKAGPAIAVLGEAKALG,Inactive,0,Consensus hard error,23,K,Basic,False,True,0.15666666666666662,0.007227420806884766,0.0819470437367757,False,False,False,5.0
145,MPKWKVFKKIEKVGRNIRNGIVKAGPAIAVLGEAKALG,Inactive,0,Consensus hard error,24,A,Hydrophobic,True,False,,,,False,False,False,
145,MPKWKVFKKIEKVGRNIRNGIVKAGPAIAVLGEAKALG,Inactive,0,Consensus hard error,25,G,Polar/other,False,True,0.036666666666666625,0.04112732410430908,0.038896995385487854,False,False,False,15.0
145,MPKWKVFKKIEKVGRNIRNGIVKAGPAIAVLGEAKALG,Inactive,0,Consensus hard error,26,P,Polar/other,False,True,0.16000000000000003,0.024721920490264893,0.09236096024513246,False,False,False,4.0
145,MPKWKVFKKIEKVGRNIRNGIVKAGPAIAVLGEAKALG,Inactive,0,Consensus hard error,27,A,Hydrophobic,True,False,,,,False,False,False,
145,MPKWKVFKKIEKVGRNIRNGIVKAGPAIAVLGEAKALG,Inactive,0,Consensus hard error,28,I,Hydrophobic,False,True,0.010000000000000009,0.03548163175582886,0.022740815877914433,False,False,False,25.0
145,MPKWKVFKKIEKVGRNIRNGIVKAGPAIAVLGEAKALG,Inactive,0,Consensus hard error,29,A,Hydrophobic,True,False,,,,False,False,False,
145,MPKWKVFKKIEKVGRNIRNGIVKAGPAIAVLGEAKALG,Inactive,0,Consensus hard error,30,V,Hydrophobic,False,True,0.013333333333333308,0.03459978103637695,0.02396655718485513,False,False,False,23.0
145,MPKWKVFKKIEKVGRNIRNGIVKAGPAIAVLGEAKALG,Inactive,0,Consensus hard error,31,L,Hydrophobic,False,True,0.013333333333333308,0.04337918758392334,0.028356260458628324,False,False,False,21.0
145,MPKWKVFKKIEKVGRNIRNGIVKAGPAIAVLGEAKALG,Inactive,0,Consensus hard error,32,G,Polar/other,False,True,0.023333333333333317,0.008804917335510254,0.016069125334421785,False,False,False,28.0
145,MPKWKVFKKIEKVGRNIRNGIVKAGPAIAVLGEAKALG,Inactive,0,Consensus hard error,33,E,Acidic,False,True,0.033333333333333326,0.05713796615600586,0.04523564974466959,False,False,False,12.0
145,MPKWKVFKKIEKVGRNIRNGIVKAGPAIAVLGEAKALG,Inactive,0,Consensus hard error,34,A,Hydrophobic,True,False,,,,False,False,False,
145,MPKWKVFKKIEKVGRNIRNGIVKAGPAIAVLGEAKALG,Inactive,0,Consensus hard error,35,K,Basic,False,True,0.05999999999999994,0.04244571924209595,0.051222859621047945,False,False,False,9.0
145,MPKWKVFKKIEKVGRNIRNGIVKAGPAIAVLGEAKALG,Inactive,0,Consensus hard error,36,A,Hydrophobic,True,False,,,,False,False,False,
145,MPKWKVFKKIEKVGRNIRNGIVKAGPAIAVLGEAKALG,Inactive,0,Consensus hard error,37,L,Hydrophobic,False,True,0.026666666666666616,0.013769686222076416,0.020218176444371516,False,False,False,26.0
145,MPKWKVFKKIEKVGRNIRNGIVKAGPAIAVLGEAKALG,Inactive,0,Consensus hard error,38,G,Polar/other,False,True,0.026666666666666616,0.0017604827880859375,0.014213574727376277,False,False,False,32.0
56,FALALKALKKALKKLKKALKKAL,Inactive,0,Consensus hard error,1,F,Hydrophobic,False,True,0.07000000000000006,0.39686837792396545,0.23343418896198276,False,True,True,1.0
56,FALALKALKKALKKLKKALKKAL,Inactive,0,Consensus hard error,2,A,Hydrophobic,True,False,,,,False,False,False,
56,FALALKALKKALKKLKKALKKAL,Inactive,0,Consensus hard error,3,L,Hydrophobic,False,True,0.0033333333333334103,0.08477181196212769,0.04405257264773055,False,False,False,16.0
56,FALALKALKKALKKLKKALKKAL,Inactive,0,Consensus hard error,4,A,Hydrophobic,True,False,,,,False,False,False,
56,FALALKALKKALKKLKKALKKAL,Inactive,0,Consensus hard error,5,L,Hydrophobic,False,True,0.009999999999999898,0.052736759185791016,0.03136837959289546,False,False,False,17.0
56,FALALKALKKALKKLKKALKKAL,Inactive,0,Consensus hard error,6,K,Basic,False,True,0.1266666666666666,0.12649577856063843,0.1265812226136525,False,False,False,10.0
56,FALALKALKKALKKLKKALKKAL,Inactive,0,Consensus hard error,7,A,Hydrophobic,True,False,,,,False,False,False,
56,FALALKALKKALKKLKKALKKAL,Inactive,0,Consensus hard error,8,L,Hydrophobic,False,True,0.2766666666666666,0.13299232721328735,0.20482949693997698,False,False,False,3.0
56,FALALKALKKALKKLKKALKKAL,Inactive,0,Consensus hard error,9,K,Basic,False,True,0.07999999999999996,0.12108117341995239,0.10054058670997618,False,False,False,12.0
56,FALALKALKKALKKLKKALKKAL,Inactive,0,Consensus hard error,10,K,Basic,False,True,0.19333333333333325,0.12320441007614136,0.1582688717047373,False,False,False,5.0
56,FALALKALKKALKKLKKALKKAL,Inactive,0,Consensus hard error,11,A,Hydrophobic,True,False,,,,False,False,False,
56,FALALKALKKALKKLKKALKKAL,Inactive,0,Consensus hard error,12,L,Hydrophobic,False,True,0.2766666666666666,0.13599830865859985,0.20633248766263323,False,False,False,2.0
56,FALALKALKKALKKLKKALKKAL,Inactive,0,Consensus hard error,13,K,Basic,False,True,0.023333333333333317,0.1496085524559021,0.08647094289461771,False,False,False,13.0
56,FALALKALKKALKKLKKALKKAL,Inactive,0,Consensus hard error,14,K,Basic,False,True,0.040000000000000036,0.08424776792526245,0.06212388396263124,False,False,False,14.0
56,FALALKALKKALKKLKKALKKAL,Inactive,0,Consensus hard error,15,L,Hydrophobic,False,True,0.1433333333333333,0.1352863907814026,0.13930986205736795,False,False,False,8.0
56,FALALKALKKALKKLKKALKKAL,Inactive,0,Consensus hard error,16,K,Basic,False,True,0.17666666666666664,0.13237065076828003,0.15451865871747333,False,False,False,6.0
56,FALALKALKKALKKLKKALKKAL,Inactive,0,Consensus hard error,17,K,Basic,False,True,0.10333333333333328,0.12094366550445557,0.11213849941889442,False,False,False,11.0
56,FALALKALKKALKKLKKALKKAL,Inactive,0,Consensus hard error,18,A,Hydrophobic,True,False,,,,False,False,False,
56,FALALKALKKALKKLKKALKKAL,Inactive,0,Consensus hard error,19,L,Hydrophobic,False,True,0.2633333333333333,0.13323360681533813,0.19828347007433572,False,False,False,4.0
56,FALALKALKKALKKLKKALKKAL,Inactive,0,Consensus hard error,20,K,Basic,False,True,0.17333333333333334,0.1275884509086609,0.15046089212099711,False,False,False,7.0
56,FALALKALKKALKKLKKALKKAL,Inactive,0,Consensus hard error,21,K,Basic,False,True,0.1433333333333333,0.11946344375610352,0.13139838854471841,False,False,False,9.0
56,FALALKALKKALKKLKKALKKAL,Inactive,0,Consensus hard error,22,A,Hydrophobic,True,False,,,,False,False,False,
56,FALALKALKKALKKLKKALKKAL,Inactive,0,Consensus hard error,23,L,Hydrophobic,False,True,0.05666666666666664,0.053408920764923096,0.05503779371579487,False,False,False,15.0
68,FKRLAKIKVLRLAKIKR,Active,1,Consensus hard error,1,F,Hydrophobic,False,True,0.010000000000000009,0.11509167589247227,0.06254583794623614,False,False,False,13.0
68,FKRLAKIKVLRLAKIKR,Active,1,Consensus hard error,2,K,Basic,False,True,0.053333333333333344,0.041291266679763794,0.04731230000654857,False,False,False,15.0
68,FKRLAKIKVLRLAKIKR,Active,1,Consensus hard error,3,R,Basic,False,True,0.12333333333333335,0.1293780718697235,0.12635570260152842,False,False,False,5.0
68,FKRLAKIKVLRLAKIKR,Active,1,Consensus hard error,4,L,Hydrophobic,False,True,0.16000000000000003,0.12909514061175287,0.14454757030587645,False,False,False,4.0
68,FKRLAKIKVLRLAKIKR,Active,1,Consensus hard error,5,A,Hydrophobic,True,False,,,,False,False,False,
68,FKRLAKIKVLRLAKIKR,Active,1,Consensus hard error,6,K,Basic,False,True,0.2366666666666667,0.13002598559251055,0.18334632612958862,False,False,False,2.0
68,FKRLAKIKVLRLAKIKR,Active,1,Consensus hard error,7,I,Hydrophobic,False,True,0.08000000000000002,0.12671847688034177,0.10335923844017089,False,False,False,9.0
68,FKRLAKIKVLRLAKIKR,Active,1,Consensus hard error,8,K,Basic,False,True,0.016666666666666663,0.12086530588567257,0.06876598627616962,False,False,False,12.0
68,FKRLAKIKVLRLAKIKR,Active,1,Consensus hard error,9,V,Hydrophobic,False,True,0.09666666666666662,0.11423724703490734,0.10545195685078698,False,False,False,8.0
68,FKRLAKIKVLRLAKIKR,Active,1,Consensus hard error,10,L,Hydrophobic,False,True,0.016666666666666663,0.12182901706546545,0.06924784186606606,False,False,False,11.0
68,FKRLAKIKVLRLAKIKR,Active,1,Consensus hard error,11,R,Basic,False,True,0.053333333333333344,0.1222424115985632,0.08778787246594827,False,False,False,10.0
68,FKRLAKIKVLRLAKIKR,Active,1,Consensus hard error,12,L,Hydrophobic,False,True,0.1166666666666667,0.12945436860900372,0.12306051763783521,False,False,False,6.0
68,FKRLAKIKVLRLAKIKR,Active,1,Consensus hard error,13,A,Hydrophobic,True,False,,,,False,False,False,
68,FKRLAKIKVLRLAKIKR,Active,1,Consensus hard error,14,K,Basic,False,True,0.24333333333333335,0.1301171827944927,0.18672525806391302,False,False,False,1.0
68,FKRLAKIKVLRLAKIKR,Active,1,Consensus hard error,15,I,Hydrophobic,False,True,0.18000000000000002,0.1292353841708973,0.15461769208544868,False,False,False,3.0
68,FKRLAKIKVLRLAKIKR,Active,1,Consensus hard error,16,K,Basic,False,True,0.09333333333333338,0.12102649360895157,0.10717991347114247,False,False,False,7.0
68,FKRLAKIKVLRLAKIKR,Active,1,Consensus hard error,17,R,Basic,False,True,0.003333333333333355,0.09809403494000435,0.05071368413666885,False,False,False,14.0
573,NREANLQALIATG,Inactive,0,High-confidence consensus correct,1,N,Polar/other,False,True,0.0,1.0449179171700962e-05,5.224589585850481e-06,False,False,False,7.0
573,NREANLQALIATG,Inactive,0,High-confidence consensus correct,2,R,Basic,False,True,0.0,2.3692422473686747e-05,1.1846211236843374e-05,False,False,False,4.0
573,NREANLQALIATG,Inactive,0,High-confidence consensus correct,3,E,Acidic,False,True,0.0,5.639109258481767e-05,2.8195546292408835e-05,False,False,False,2.0
573,NREANLQALIATG,Inactive,0,High-confidence consensus correct,4,A,Hydrophobic,True,False,,,,False,False,False,
573,NREANLQALIATG,Inactive,0,High-confidence consensus correct,5,N,Polar/other,False,True,0.0,2.8138916604802944e-05,1.4069458302401472e-05,False,False,False,3.0
573,NREANLQALIATG,Inactive,0,High-confidence consensus correct,6,L,Hydrophobic,False,True,0.0,4.568280928651802e-06,2.284140464325901e-06,False,False,False,10.0
573,NREANLQALIATG,Inactive,0,High-confidence consensus correct,7,Q,Polar/other,False,True,0.0,1.972492282220628e-05,9.86246141110314e-06,False,False,False,5.0
573,NREANLQALIATG,Inactive,0,High-confidence consensus correct,8,A,Hydrophobic,True,False,,,,False,False,False,
573,NREANLQALIATG,Inactive,0,High-confidence consensus correct,9,L,Hydrophobic,False,True,0.0,1.6539675925741903e-05,8.269837962870952e-06,False,False,False,6.0
573,NREANLQALIATG,Inactive,0,High-confidence consensus correct,10,I,Hydrophobic,False,True,0.00666666666666671,5.158256499271374e-05,0.0033591246158297117,False,False,False,1.0
573,NREANLQALIATG,Inactive,0,High-confidence consensus correct,11,A,Hydrophobic,True,False,,,,False,False,False,
573,NREANLQALIATG,Inactive,0,High-confidence consensus correct,12,T,Polar/other,False,True,0.0,1.035209970723372e-05,5.17604985361686e-06,False,False,False,8.0
573,NREANLQALIATG,Inactive,0,High-confidence consensus correct,13,G,Polar/other,False,True,0.0,7.065114914439619e-06,3.5325574572198093e-06,False,False,False,9.0
519,MPYTDAVVHEVQRYID,Inactive,0,High-confidence consensus correct,1,M,Hydrophobic,False,True,0.0,3.7696241633966565e-05,1.8848120816983283e-05,False,False,False,4.0
519,MPYTDAVVHEVQRYID,Inactive,0,High-confidence consensus correct,2,P,Polar/other,False,True,0.0,1.8313730834051967e-05,9.156865417025983e-06,False,False,False,6.0
519,MPYTDAVVHEVQRYID,Inactive,0,High-confidence consensus correct,3,Y,Hydrophobic,False,True,0.0,1.1161391739733517e-05,5.580695869866759e-06,False,False,False,10.0
519,MPYTDAVVHEVQRYID,Inactive,0,High-confidence consensus correct,4,T,Polar/other,False,True,0.0,1.0082276276079938e-05,5.041138138039969e-06,False,False,False,11.0
519,MPYTDAVVHEVQRYID,Inactive,0,High-confidence consensus correct,5,D,Acidic,False,True,0.0,2.354803837079089e-05,1.1774019185395446e-05,False,False,False,5.0
519,MPYTDAVVHEVQRYID,Inactive,0,High-confidence consensus correct,6,A,Hydrophobic,True,False,,,,False,False,False,
519,MPYTDAVVHEVQRYID,Inactive,0,High-confidence consensus correct,7,V,Hydrophobic,False,True,0.0,1.3381202734308317e-05,6.690601367154159e-06,False,False,False,8.0
519,MPYTDAVVHEVQRYID,Inactive,0,High-confidence consensus correct,8,V,Hydrophobic,False,True,0.0,7.920665666460991e-06,3.9603328332304955e-06,False,False,False,12.0
519,MPYTDAVVHEVQRYID,Inactive,0,High-confidence consensus correct,9,H,Basic,False,True,0.0,9.229824354406446e-05,4.614912177203223e-05,False,False,False,1.0
519,MPYTDAVVHEVQRYID,Inactive,0,High-confidence consensus correct,10,E,Acidic,False,True,0.0,6.212721928022802e-07,3.106360964011401e-07,False,False,False,15.0
519,MPYTDAVVHEVQRYID,Inactive,0,High-confidence consensus correct,11,V,Hydrophobic,False,True,0.0,1.7013822798617184e-05,8.506911399308592e-06,False,False,False,7.0
519,MPYTDAVVHEVQRYID,Inactive,0,High-confidence consensus correct,12,Q,Polar/other,False,True,0.0,5.596916162176058e-05,2.798458081088029e-05,False,False,False,2.0
519,MPYTDAVVHEVQRYID,Inactive,0,High-confidence consensus correct,13,R,Basic,False,True,0.0,9.351933840662241e-07,4.6759669203311205e-07,False,False,False,14.0
519,MPYTDAVVHEVQRYID,Inactive,0,High-confidence consensus correct,14,Y,Hydrophobic,False,True,0.0,4.75812194054015e-05,2.379060970270075e-05,False,False,False,3.0
519,MPYTDAVVHEVQRYID,Inactive,0,High-confidence consensus correct,15,I,Hydrophobic,False,True,0.0,5.314854206517339e-06,2.6574271032586694e-06,False,False,False,13.0
519,MPYTDAVVHEVQRYID,Inactive,0,High-confidence consensus correct,16,D,Acidic,False,True,0.0,1.2239634088473395e-05,6.119817044236697e-06,False,False,False,9.0
197,DDYLKEQVLHMKQYVSDN,Inactive,0,High-confidence consensus correct,1,D,Acidic,False,True,0.0,8.204449841286987e-06,4.1022249206434935e-06,False,False,False,16.0
197,DDYLKEQVLHMKQYVSDN,Inactive,0,High-confidence consensus correct,2,D,Acidic,False,True,0.0,3.7853104004170746e-05,1.8926552002085373e-05,False,False,False,6.0
197,DDYLKEQVLHMKQYVSDN,Inactive,0,High-confidence consensus correct,3,Y,Hydrophobic,False,True,0.0033333333333332993,6.548143574036658e-06,0.001669940738453668,False,False,False,1.0
197,DDYLKEQVLHMKQYVSDN,Inactive,0,High-confidence consensus correct,4,L,Hydrophobic,False,True,0.0,1.591976615600288e-05,7.95988307800144e-06,False,False,False,14.0
197,DDYLKEQVLHMKQYVSDN,Inactive,0,High-confidence consensus correct,5,K,Basic,False,True,0.0,3.115453364443965e-05,1.5577266822219826e-05,False,False,False,8.0
197,DDYLKEQVLHMKQYVSDN,Inactive,0,High-confidence consensus correct,6,E,Acidic,False,True,0.0,6.3621140725445e-05,3.18105703627225e-05,False,False,False,2.0
197,DDYLKEQVLHMKQYVSDN,Inactive,0,High-confidence consensus correct,7,Q,Polar/other,False,True,0.0,2.4296117771882564e-05,1.2148058885941282e-05,False,False,False,10.0
197,DDYLKEQVLHMKQYVSDN,Inactive,0,High-confidence consensus correct,8,V,Hydrophobic,False,True,0.0,2.012779441429302e-05,1.006389720714651e-05,False,False,False,12.0
197,DDYLKEQVLHMKQYVSDN,Inactive,0,High-confidence consensus correct,9,L,Hydrophobic,False,True,0.0,6.517453584820032e-06,3.258726792410016e-06,False,False,False,17.0
197,DDYLKEQVLHMKQYVSDN,Inactive,0,High-confidence consensus correct,10,H,Basic,False,True,0.0,3.690950688906014e-05,1.845475344453007e-05,False,False,False,7.0
197,DDYLKEQVLHMKQYVSDN,Inactive,0,High-confidence consensus correct,11,M,Hydrophobic,False,True,0.0,4.4991684262640774e-06,2.2495842131320387e-06,False,False,False,18.0
197,DDYLKEQVLHMKQYVSDN,Inactive,0,High-confidence consensus correct,12,K,Basic,False,True,0.0,1.7076083167921752e-05,8.538041583960876e-06,False,False,False,13.0
197,DDYLKEQVLHMKQYVSDN,Inactive,0,High-confidence consensus correct,13,Q,Polar/other,False,True,0.0,3.922827454516664e-05,1.961413727258332e-05,False,False,False,5.0
197,DDYLKEQVLHMKQYVSDN,Inactive,0,High-confidence consensus correct,14,Y,Hydrophobic,False,True,0.0,3.08924718410708e-05,1.54462359205354e-05,False,False,False,9.0
197,DDYLKEQVLHMKQYVSDN,Inactive,0,High-confidence consensus correct,15,V,Hydrophobic,False,True,0.0,4.971988528268412e-05,2.485994264134206e-05,False,False,False,3.0
197,DDYLKEQVLHMKQYVSDN,Inactive,0,High-confidence consensus correct,16,S,Polar/other,False,True,0.0,9.472074452787638e-06,4.736037226393819e-06,False,False,False,15.0
197,DDYLKEQVLHMKQYVSDN,Inactive,0,High-confidence consensus correct,17,D,Acidic,False,True,0.0,4.369620728539303e-05,2.1848103642696515e-05,False,False,False,4.0
197,DDYLKEQVLHMKQYVSDN,Inactive,0,High-confidence consensus correct,18,N,Polar/other,False,True,0.0,2.1310719603206962e-05,1.0655359801603481e-05,False,False,False,11.0
567,NPQVLADIGAEAT,Inactive,0,High-confidence consensus correct,1,N,Polar/other,False,True,0.0,2.139849129889626e-05,1.069924564944813e-05,False,False,False,4.0
567,NPQVLADIGAEAT,Inactive,0,High-confidence consensus correct,2,P,Polar/other,False,True,0.0,2.4732997189857997e-05,1.2366498594928999e-05,False,False,False,3.0
567,NPQVLADIGAEAT,Inactive,0,High-confidence consensus correct,3,Q,Polar/other,False,True,0.0,3.079130510741379e-05,1.5395652553706896e-05,False,False,False,2.0
567,NPQVLADIGAEAT,Inactive,0,High-confidence consensus correct,4,V,Hydrophobic,False,True,0.0,1.087442615244072e-05,5.43721307622036e-06,False,False,False,10.0
567,NPQVLADIGAEAT,Inactive,0,High-confidence consensus correct,5,L,Hydrophobic,False,True,0.0,1.5332907423726283e-05,7.666453711863142e-06,False,False,False,6.0
567,NPQVLADIGAEAT,Inactive,0,High-confidence consensus correct,6,A,Hydrophobic,True,False,,,,False,False,False,
567,NPQVLADIGAEAT,Inactive,0,High-confidence consensus correct,7,D,Acidic,False,True,0.0,1.4302853742265143e-05,7.151426871132571e-06,False,False,False,8.0
567,NPQVLADIGAEAT,Inactive,0,High-confidence consensus correct,8,I,Hydrophobic,False,True,0.0,1.3834460332873277e-05,6.917230166436639e-06,False,False,False,9.0
567,NPQVLADIGAEAT,Inactive,0,High-confidence consensus correct,9,G,Polar/other,False,True,0.0,3.511824797897134e-05,1.755912398948567e-05,False,False,False,1.0
567,NPQVLADIGAEAT,Inactive,0,High-confidence consensus correct,10,A,Hydrophobic,True,False,,,,False,False,False,
567,NPQVLADIGAEAT,Inactive,0,High-confidence consensus correct,11,E,Acidic,False,True,0.0,1.4465478670899756e-05,7.232739335449878e-06,False,False,False,7.0
567,NPQVLADIGAEAT,Inactive,0,High-confidence consensus correct,12,A,Hydrophobic,True,False,,,,False,False,False,
567,NPQVLADIGAEAT,Inactive,0,High-confidence consensus correct,13,T,Polar/other,False,True,0.0,1.8747838112176396e-05,9.373919056088198e-06,False,False,False,5.0
806,TEREQALAAYAEKLTRH,Inactive,0,High-confidence consensus correct,1,T,Polar/other,False,True,0.0,2.5610024749767035e-06,1.2805012374883518e-06,False,False,False,13.0
806,TEREQALAAYAEKLTRH,Inactive,0,High-confidence consensus correct,2,E,Acidic,False,True,0.0,2.5513341824989766e-05,1.2756670912494883e-05,False,False,False,8.0
806,TEREQALAAYAEKLTRH,Inactive,0,High-confidence consensus correct,3,R,Basic,False,True,0.0,6.716785719618201e-06,3.3583928598091006e-06,False,False,False,11.0
806,TEREQALAAYAEKLTRH,Inactive,0,High-confidence consensus correct,4,E,Acidic,False,True,0.0,2.9456721676979214e-05,1.4728360838489607e-05,False,False,False,6.0
806,TEREQALAAYAEKLTRH,Inactive,0,High-confidence consensus correct,5,Q,Polar/other,False,True,0.0,7.844282663427293e-06,3.922141331713647e-06,False,False,False,10.0
806,TEREQALAAYAEKLTRH,Inactive,0,High-confidence consensus correct,6,A,Hydrophobic,True,False,,,,False,False,False,
806,TEREQALAAYAEKLTRH,Inactive,0,High-confidence consensus correct,7,L,Hydrophobic,False,True,0.0033333333333332993,1.873668225016445e-06,0.0016676035007791579,False,False,False,4.0
806,TEREQALAAYAEKLTRH,Inactive,0,High-confidence consensus correct,8,A,Hydrophobic,True,False,,,,False,False,False,
806,TEREQALAAYAEKLTRH,Inactive,0,High-confidence consensus correct,9,A,Hydrophobic,True,False,,,,False,False,False,
806,TEREQALAAYAEKLTRH,Inactive,0,High-confidence consensus correct,10,Y,Hydrophobic,False,True,0.0033333333333332993,1.2263968528714031e-05,0.0016727986509310067,False,False,False,2.0
806,TEREQALAAYAEKLTRH,Inactive,0,High-confidence consensus correct,11,A,Hydrophobic,True,False,,,,False,False,False,
806,TEREQALAAYAEKLTRH,Inactive,0,High-confidence consensus correct,12,E,Acidic,False,True,0.0,3.105178620899096e-05,1.552589310449548e-05,False,False,False,5.0
806,TEREQALAAYAEKLTRH,Inactive,0,High-confidence consensus correct,13,K,Basic,False,True,0.0033333333333332993,1.9659564713947475e-05,0.0016764964490236234,False,False,False,1.0
806,TEREQALAAYAEKLTRH,Inactive,0,High-confidence consensus correct,14,L,Hydrophobic,False,True,0.0,2.6192472432740033e-05,1.3096236216370016e-05,False,False,False,7.0
806,TEREQALAAYAEKLTRH,Inactive,0,High-confidence consensus correct,15,T,Polar/other,False,True,0.0033333333333332993,2.456228685332462e-06,0.0016678947810093159,False,False,False,3.0
806,TEREQALAAYAEKLTRH,Inactive,0,High-confidence consensus correct,16,R,Basic,False,True,0.0,5.772217264166102e-06,2.886108632083051e-06,False,False,False,12.0
806,TEREQALAAYAEKLTRH,Inactive,0,High-confidence consensus correct,17,H,Basic,False,True,0.0,1.2574724678415805e-05,6.2873623392079026e-06,False,False,False,9.0
