model_order,model,representation,classifier,stratum_order,similarity_stratum,similarity_stratum_label,similarity_stratum_short,n,active,inactive,correct_count,wrong_count,accuracy,error_rate,mean_true_class_probability,median_true_class_probability,mean_true_class_probability_when_correct,mean_true_class_probability_when_wrong,decision_threshold
0,Traditional Logistic Regression,Traditional,Logistic Regression,0,low_lt_0_80,Low: <0.80,<0.80,154,4,150,145,9,0.9415584415584416,0.05844155844155844,0.919989024921821,0.9901286531285715,0.9605020230730457,0.26727961026320274,0.5
0,Traditional Logistic Regression,Traditional,Logistic Regression,1,moderate_0_80_to_lt_0_90,Moderate: 0.80-<0.90,0.80-<0.90,10,7,3,7,3,0.7,0.3,0.680810052260755,0.8553399808174,0.8770149191869496,0.22299869609963383,0.5
0,Traditional Logistic Regression,Traditional,Logistic Regression,2,high_0_90_to_lt_0_95,High: 0.90-<0.95,0.90-<0.95,12,6,6,6,6,0.5,0.5,0.5466302311817194,0.5590462577591531,0.85528264609237,0.23797781627106873,0.5
0,Traditional Logistic Regression,Traditional,Logistic Regression,3,very_high_ge_0_95,Very high: >=0.95,>=0.95,5,3,2,3,2,0.6,0.4,0.5690194713254185,0.8870694667042022,0.9334161794117383,0.0224244091959388,0.5
1,Traditional RBF-SVM,Traditional,RBF-SVM,0,low_lt_0_80,Low: <0.80,<0.80,154,4,150,151,3,0.9805194805194806,0.01948051948051948,0.9676169011748769,0.9955939474202928,0.9838890532009381,0.14858524919646154,0.5
1,Traditional RBF-SVM,Traditional,RBF-SVM,1,moderate_0_80_to_lt_0_90,Moderate: 0.80-<0.90,0.80-<0.90,10,7,3,6,4,0.6,0.4,0.5499384657712583,0.7107176033658957,0.7380773170681859,0.26773018882586685,0.5
1,Traditional RBF-SVM,Traditional,RBF-SVM,2,high_0_90_to_lt_0_95,High: 0.90-<0.95,0.90-<0.95,12,6,6,7,5,0.5833333333333333,0.4166666666666667,0.529555839036956,0.5250655099473764,0.691184132003673,0.30327622888355227,0.5
1,Traditional RBF-SVM,Traditional,RBF-SVM,3,very_high_ge_0_95,Very high: >=0.95,>=0.95,5,3,2,3,2,0.6,0.4,0.5907195431139536,0.7550209177678925,0.8133730825804263,0.2567392339142445,0.5
2,Traditional Random Forest,Traditional,Random Forest,0,low_lt_0_80,Low: <0.80,<0.80,154,4,150,151,3,0.9805194805194806,0.01948051948051948,0.952398088023088,0.9933333333333334,0.9658011405445179,0.27777777777777773,0.5
2,Traditional Random Forest,Traditional,Random Forest,1,moderate_0_80_to_lt_0_90,Moderate: 0.80-<0.90,0.80-<0.90,10,7,3,8,2,0.8,0.2,0.672733597883598,0.7314722222222223,0.8059169973544974,0.1399999999999999,0.5
2,Traditional Random Forest,Traditional,Random Forest,2,high_0_90_to_lt_0_95,High: 0.90-<0.95,0.90-<0.95,12,6,6,9,3,0.75,0.25,0.6146527777777778,0.75,0.7758333333333334,0.1311111111111111,0.5
2,Traditional Random Forest,Traditional,Random Forest,3,very_high_ge_0_95,Very high: >=0.95,>=0.95,5,3,2,3,2,0.6,0.4,0.6253333333333334,0.9833333333333332,0.9944444444444445,0.07166666666666666,0.5
3,Traditional XGBoost,Traditional,XGBoost,0,low_lt_0_80,Low: <0.80,<0.80,154,4,150,150,4,0.974025974025974,0.025974025974025976,0.9763099510821306,0.9999229647700001,0.996263756897654,0.228042233,0.5
3,Traditional XGBoost,Traditional,XGBoost,1,moderate_0_80_to_lt_0_90,Moderate: 0.80-<0.90,0.80-<0.90,10,7,3,8,2,0.8,0.2,0.7728236551000001,0.9475583000000001,0.950417771875,0.06244718799999998,0.5
3,Traditional XGBoost,Traditional,XGBoost,2,high_0_90_to_lt_0_95,High: 0.90-<0.95,0.90-<0.95,12,6,6,10,2,0.8333333333333334,0.16666666666666666,0.7339357709166667,0.822330015,0.8537745620999999,0.13474181500000004,0.5
3,Traditional XGBoost,Traditional,XGBoost,3,very_high_ge_0_95,Very high: >=0.95,>=0.95,5,3,2,3,2,0.6,0.4,0.60247081,0.99338245,0.9972990500000001,0.01022845,0.5
4,ESM-2 Logistic Regression,ESM-2,Logistic Regression,0,low_lt_0_80,Low: <0.80,<0.80,154,4,150,150,4,0.974025974025974,0.025974025974025976,0.9717724740746162,0.9999934130788499,0.9930087926339392,0.1754105281,0.5
4,ESM-2 Logistic Regression,ESM-2,Logistic Regression,1,moderate_0_80_to_lt_0_90,Moderate: 0.80-<0.90,0.80-<0.90,10,7,3,8,2,0.8,0.2,0.749326736,0.86735485,0.9143737700000001,0.08913860000000001,0.5
4,ESM-2 Logistic Regression,ESM-2,Logistic Regression,2,high_0_90_to_lt_0_95,High: 0.90-<0.95,0.90-<0.95,12,6,6,10,2,0.8333333333333334,0.16666666666666666,0.7203130748333333,0.687909,0.8063830538,0.28996318,0.5
4,ESM-2 Logistic Regression,ESM-2,Logistic Regression,3,very_high_ge_0_95,Very high: >=0.95,>=0.95,5,3,2,3,2,0.6,0.4,0.62593699,0.84230965,0.9435628666666668,0.149498175,0.5
5,ESM-2 RBF-SVM,ESM-2,RBF-SVM,0,low_lt_0_80,Low: <0.80,<0.80,154,4,150,152,2,0.987012987012987,0.012987012987012988,0.9713568314366303,0.9966831041278505,0.9822699881312603,0.14195692264475543,0.5
5,ESM-2 RBF-SVM,ESM-2,RBF-SVM,1,moderate_0_80_to_lt_0_90,Moderate: 0.80-<0.90,0.80-<0.90,10,7,3,7,3,0.7,0.3,0.6550169633144663,0.7776055002491966,0.8078382550661705,0.298433949227157,0.5
5,ESM-2 RBF-SVM,ESM-2,RBF-SVM,2,high_0_90_to_lt_0_95,High: 0.90-<0.95,0.90-<0.95,12,6,6,7,5,0.5833333333333333,0.4166666666666667,0.6432018425961276,0.7380646605298302,0.8416475998720933,0.3653777824097758,0.5
5,ESM-2 RBF-SVM,ESM-2,RBF-SVM,3,very_high_ge_0_95,Very high: >=0.95,>=0.95,5,3,2,3,2,0.6,0.4,0.6423001473165681,0.8148817477646745,0.8615711919447873,0.3133935803742398,0.5
6,ESM-2 Random Forest,ESM-2,Random Forest,0,low_lt_0_80,Low: <0.80,<0.80,154,4,150,149,5,0.9675324675324676,0.032467532467532464,0.9543290043290044,0.9966666666666667,0.9741610738255034,0.3633333333333334,0.5
6,ESM-2 Random Forest,ESM-2,Random Forest,1,moderate_0_80_to_lt_0_90,Moderate: 0.80-<0.90,0.80-<0.90,10,7,3,8,2,0.8,0.2,0.724,0.83,0.8395833333333333,0.26166666666666666,0.5
6,ESM-2 Random Forest,ESM-2,Random Forest,2,high_0_90_to_lt_0_95,High: 0.90-<0.95,0.90-<0.95,12,6,6,8,4,0.6666666666666667,0.3333333333333333,0.6630555555555555,0.7183333333333333,0.8170833333333333,0.355,0.5
6,ESM-2 Random Forest,ESM-2,Random Forest,3,very_high_ge_0_95,Very high: >=0.95,>=0.95,5,3,2,3,2,0.6,0.4,0.6786666666666666,0.9233333333333332,0.9344444444444444,0.295,0.5
7,ESM-2 XGBoost,ESM-2,XGBoost,0,low_lt_0_80,Low: <0.80,<0.80,154,4,150,152,2,0.987012987012987,0.012987012987012988,0.9801843944060389,0.9998615415800001,0.9914867713061183,0.12120375,0.5
7,ESM-2 XGBoost,ESM-2,XGBoost,1,moderate_0_80_to_lt_0_90,Moderate: 0.80-<0.90,0.80-<0.90,10,7,3,9,1,0.9,0.1,0.8738766312000001,0.980944126,0.9692855680000001,0.015196199999999993,0.5
7,ESM-2 XGBoost,ESM-2,XGBoost,2,high_0_90_to_lt_0_95,High: 0.90-<0.95,0.90-<0.95,12,6,6,10,2,0.8333333333333334,0.16666666666666666,0.7809407894583332,0.961513541,0.92925554535,0.03936701000000001,0.5
7,ESM-2 XGBoost,ESM-2,XGBoost,3,very_high_ge_0_95,Very high: >=0.95,>=0.95,5,3,2,3,2,0.6,0.4,0.64352045,0.9931705,0.9968795966666667,0.11348173,0.5
