rank,ID,sequence,true_class,y_true,traditional_wrong_count,esm2_wrong_count,total_wrong_count,traditional_correct_count,esm2_correct_count,traditional_mean_true_class_probability,esm2_mean_true_class_probability,all_models_mean_true_class_probability,true_class_probability_gain,traditional_mean_margin,esm2_mean_margin,representation_disagreement,wrong_count_difference_esm2_minus_traditional,LR_traditional_correct,SVM_traditional_correct,RF_traditional_correct,XGB_traditional_correct,LR_esm2_correct,SVM_esm2_correct,RF_esm2_correct,XGB_esm2_correct,mean_absolute_descriptor_z,maximum_absolute_descriptor_z,most_extreme_descriptor,difficulty_category
1,48,FAKLLFKALKKAL,Inactive,0,4,4,8,0,0,0.07906206848899613,0.08867658796827019,0.08386932822863316,0.009614519479274053,-0.4209379315110039,-0.41132341203172984,0.009614519479274053,0,False,False,False,False,False,False,False,False,1.0513565087967565,1.8009181898361868,hydrophobic_moment,Consensus hard error
2,40,FAKLLAKLAKKFAL,Inactive,0,4,4,8,0,0,0.10487809308294138,0.12504428341580018,0.11496118824937078,0.020166190332858797,-0.3951219069170586,-0.3749557165841998,0.020166190332858797,0,False,False,False,False,False,False,False,False,0.9415260643515528,1.3388089862719956,boman_index,Consensus hard error
3,145,MPKWKVFKKIEKVGRNIRNGIVKAGPAIAVLGEAKALG,Inactive,0,4,4,8,0,0,0.13073104570432573,0.14202879435378657,0.13637992002905613,0.011297748649460843,-0.3692689542956743,-0.35797120564621343,0.011297748649460843,0,False,False,False,False,False,False,False,False,1.7805069507667663,4.440836560618289,length,Consensus hard error
4,56,FALALKALKKALKKLKKALKKAL,Inactive,0,4,4,8,0,0,0.04979833418409926,0.29365794833333336,0.17172814125871633,0.2438596141492341,-0.4502016658159007,-0.20634205166666664,0.2438596141492341,0,False,False,False,False,False,False,False,False,1.3311551122811214,2.910548033682616,net_charge_pH7_4,Consensus hard error
5,68,FKRLAKIKVLRLAKIKR,Active,1,4,4,8,0,0,0.21117461377333696,0.1510130619774307,0.18109383787538383,-0.060161551795906265,-0.28882538622666304,-0.3489869380225693,0.060161551795906265,0,False,False,False,False,False,False,False,False,0.9919344227607968,2.5445262641400994,net_charge_pH7_4,Consensus hard error
6,388,GLGLVLKIAVNAFLKLVA,Inactive,0,2,4,6,2,0,0.4749827470769515,0.12153624244494701,0.2982594947609492,-0.35344650463200444,-0.025017252923048516,-0.378463757555053,0.35344650463200444,2,False,True,False,True,False,False,False,False,0.8653880975178421,2.1153203612053977,boman_index,Cross-representation difficult
7,67,FKLAFKLAKKAFL,Inactive,0,4,2,6,0,2,0.2354257749804483,0.5421429864180604,0.38878438069925436,0.30671721143761205,-0.2645742250195517,0.04214298641806036,0.30671721143761205,-2,False,False,False,False,False,True,False,True,0.8901512205323527,1.1818241650049834,boman_index,Cross-representation difficult
8,149,VAKLLAKLAKKVL,Inactive,0,4,2,6,0,2,0.2959889327811186,0.6280673130330959,0.46202812290710726,0.33207838025197733,-0.2040110672188814,0.12806731303309593,0.33207838025197733,-2,False,False,False,False,True,False,False,True,1.099279072596588,1.9220802365666807,hydrophobic_moment,Cross-representation difficult
9,33,FAKLLAKALKKL,Inactive,0,2,3,5,2,1,0.45357801939477976,0.4452943981472111,0.44943620877099544,-0.008283621247568651,-0.04642198060522024,-0.05470560185278889,0.008283621247568651,1,False,False,True,True,False,False,False,True,1.1238590926774932,2.2846731822869386,hydrophobic_moment,Mixed difficulty
10,47,FAKLLAKLAKLKL,Inactive,0,2,3,5,2,1,0.5468506988979658,0.41079776656223144,0.4788242327300986,-0.13605293233573434,0.04685069889796578,-0.08920223343776856,0.13605293233573434,1,False,False,True,True,False,False,False,True,0.8587698180524274,1.3857317568563485,boman_index,Mixed difficulty
11,43,FAKLLAKLAKKL,Inactive,0,2,2,4,2,2,0.4540406660754598,0.5784979801273483,0.516269323101404,0.12445731405188853,-0.04595933392454021,0.07849798012734832,0.12445731405188853,0,False,False,True,True,True,False,False,True,1.1202039816022487,2.2590874047602285,hydrophobic_moment,Mixed difficulty
12,392,GLWAIAVKAGKVILKLIVFIWIRV,Inactive,0,2,1,3,2,3,0.36696239316731216,0.6844589813319252,0.5257106872496187,0.317496588164613,-0.13303760683268784,0.18445898133192518,0.317496588164613,-1,False,True,True,False,True,True,False,True,1.373410405369534,2.0155660967879134,mean_eisenberg_hydrophobicity,Mixed difficulty
13,91,GLFAVIKKVAAVIRRL,Active,1,3,0,3,1,4,0.30140793076694494,0.8309698280485613,0.5661888794077531,0.5295618972816164,-0.19859206923305506,0.33096982804856134,0.5295618972816164,-3,True,False,False,False,True,True,True,True,0.8880847550100036,1.6565385875063838,isoelectric_point,Traditional-specific difficulty
14,55,FALALKALKKAL,Inactive,0,2,1,3,2,3,0.598837505951186,0.6626020729554308,0.6307197894533085,0.06376456700424482,0.09883750595118601,0.16260207295543083,0.06376456700424482,-1,False,False,True,True,True,False,True,True,1.0439931254775778,1.5719901305985857,boman_index,Mixed difficulty
15,142,KYKKALKKLAKLL,Inactive,0,2,1,3,2,3,0.54787378292721,0.7268105507778563,0.6373421668525332,0.17893676785064627,0.04787378292721001,0.22681055077785628,0.17893676785064627,-1,False,True,True,False,True,True,False,True,1.084600363483823,2.016099662369959,hydrophobic_moment,Mixed difficulty
