source_png,sha256_before,sha256_after,unchanged
E:\postdoc-work\ist-project\figures\Step25_Physicochemical_Distributions_Annotated.png,8F082C413E5034CE7B66027F9863275C567239365392B1F1C50EA97D83E4AA52,8F082C413E5034CE7B66027F9863275C567239365392B1F1C50EA97D83E4AA52,True
E:\postdoc-work\ist-project\figures\Step26_Spearman_Correlation_Heatmap.png,2E8F41BD29F1FB8BB548536B810957818D74547FC32ECB8F3A0210A927188B2C,2E8F41BD29F1FB8BB548536B810957818D74547FC32ECB8F3A0210A927188B2C,True
E:\postdoc-work\ist-project\figures\Step46_ESM2_Dimension_SD_Distribution.png,E689DAFB98C2DDF95D6326D65D9D149E983DF85614048FFD27EDE2D8F20FD9DD,E689DAFB98C2DDF95D6326D65D9D149E983DF85614048FFD27EDE2D8F20FD9DD,True
E:\postdoc-work\ist-project\figures\Step46_ESM2_PCA_Cumulative_Variance.png,5145EA0384ADA6313A9E28414A9CE80A35DA5608F7FE4E2F8F7DFF274A513BB0,5145EA0384ADA6313A9E28414A9CE80A35DA5608F7FE4E2F8F7DFF274A513BB0,True
E:\postdoc-work\ist-project\figures\Step66_Sequence_Family_Redundancy.png,24AC166939C142EA5B5F0C5379D47BBBC9D686F2D39ABD23266EF87495702D0F,24AC166939C142EA5B5F0C5379D47BBBC9D686F2D39ABD23266EF87495702D0F,True
E:\postdoc-work\ist-project\figures\Step66_Test_to_Development_Similarity.png,18F925BD73961B87E68AB3F102FD95A5F1E0FFE3661AC02AE3099C4DEF7BB94F,18F925BD73961B87E68AB3F102FD95A5F1E0FFE3661AC02AE3099C4DEF7BB94F,True
E:\postdoc-work\ist-project\figures\Step36_Traditional_Model_ROC.png,252447020E4130576ECE35745F6914DC9A5268EF4A32733DEE6ED92B3A3653FC,252447020E4130576ECE35745F6914DC9A5268EF4A32733DEE6ED92B3A3653FC,True
E:\postdoc-work\ist-project\figures\Step36_Traditional_Model_PR.png,686E22A0601FD5E05C58D155CF18369ABE6AB39B184626B1DA3A170AA81E3C00,686E22A0601FD5E05C58D155CF18369ABE6AB39B184626B1DA3A170AA81E3C00,True
E:\postdoc-work\ist-project\figures\Step37_Traditional_Model_Metric_Comparison.png,BBC9F177C1B79073F1400E3C46F2BB37F5467725FBB1564CBB38CB732F86E455,BBC9F177C1B79073F1400E3C46F2BB37F5467725FBB1564CBB38CB732F86E455,True
E:\postdoc-work\ist-project\figures\Step52_ESM2_Model_ROC.png,65FEA0C6BE0A30F8969A1731765E2A16A6C24C4212559466BA71011C24E5ECC1,65FEA0C6BE0A30F8969A1731765E2A16A6C24C4212559466BA71011C24E5ECC1,True
E:\postdoc-work\ist-project\figures\Step52_ESM2_Model_PR.png,CDB63F46F0A28A52CB1664575ECFD6211AA0BBCDD3619CA589D4DB948F9F770F,CDB63F46F0A28A52CB1664575ECFD6211AA0BBCDD3619CA589D4DB948F9F770F,True
E:\postdoc-work\ist-project\figures\Step52_ESM2_Model_Metric_Comparison.png,EF5FA15AA788A7DA10E9462AD08295E7B36A22A1A27BDBCA099E1B2A22BF529F,EF5FA15AA788A7DA10E9462AD08295E7B36A22A1A27BDBCA099E1B2A22BF529F,True
E:\postdoc-work\ist-project\figures\Step74_Model_Performance_Confidence_Intervals.png,BA420832B158B94B483FE1FD33B3B7D335609C539790D07969FD93D30EAF136C,BA420832B158B94B483FE1FD33B3B7D335609C539790D07969FD93D30EAF136C,True
E:\postdoc-work\ist-project\figures\Step53_Traditional_vs_ESM2_Metric_Deltas.png,05AA7A7AD324ED4896BF60F0FB100169BA9CAD65BFF41746C91FD4D01815F6A9,05AA7A7AD324ED4896BF60F0FB100169BA9CAD65BFF41746C91FD4D01815F6A9,True
E:\postdoc-work\ist-project\figures\Step55_Traditional_vs_ESM2_Bootstrap_CI.png,1B8CE9647121271AA6640B4D670389A9D7EEB568D30865FA4F0D8B57F202E9DD,1B8CE9647121271AA6640B4D670389A9D7EEB568D30865FA4F0D8B57F202E9DD,True
E:\postdoc-work\ist-project\figures\Step71_Model_Calibration_Curves.png,A6B8413498A1C717B3271E23201AB113BDCDD494DFE87E5815C38EE22AB51717,A6B8413498A1C717B3271E23201AB113BDCDD494DFE87E5815C38EE22AB51717,True
E:\postdoc-work\ist-project\figures\Step71_Calibration_Metrics.png,5FD139BECE32E89E485F2A46BDC7543162DC99AEC8C8DE606E81752A3AC74A40,5FD139BECE32E89E485F2A46BDC7543162DC99AEC8C8DE606E81752A3AC74A40,True
E:\postdoc-work\ist-project\figures\Step72_Traditional_vs_ESM2_Calibration_Deltas.png,8E9F0505EC8250B028192C1A28DD60D4BCD6F9ED3978FAA8EAF62EC1269711BC,8E9F0505EC8250B028192C1A28DD60D4BCD6F9ED3978FAA8EAF62EC1269711BC,True
E:\postdoc-work\ist-project\figures\Step73_Traditional_Decision_Curves.png,90D632B39A3C0C6373D1BB5CB0C1142BC0FC06FDC4DE17A7FAF5512C83C3BE9A,90D632B39A3C0C6373D1BB5CB0C1142BC0FC06FDC4DE17A7FAF5512C83C3BE9A,True
E:\postdoc-work\ist-project\figures\Step73_ESM2_Decision_Curves.png,84C52FDCE444D1EAD498867E46AFD762E71A2EB8CC6CAA9E18C768625AF9E82A,84C52FDCE444D1EAD498867E46AFD762E71A2EB8CC6CAA9E18C768625AF9E82A,True
E:\postdoc-work\ist-project\figures\Step75_ESM2_RF_vs_XGBoost_Paired_Bootstrap.png,A32BC775B7D5744CEB5A63C7A60450C249E1052DC857F12CC6199197152A0520,A32BC775B7D5744CEB5A63C7A60450C249E1052DC857F12CC6199197152A0520,True
E:\postdoc-work\ist-project\figures\Step67_Sequence_Novelty_AUROC_AUPRC.png,CE199FAC937E2BBC3E1C2193BCE1BAA51EAF211CA8F8E615099A2467C36857E0,CE199FAC937E2BBC3E1C2193BCE1BAA51EAF211CA8F8E615099A2467C36857E0,True
E:\postdoc-work\ist-project\figures\Step67_Sequence_Novelty_MCC_F1.png,07F11F22E18932C92EC7D6A4E16BD61EBD3E3DFD82BF9C7E3BC1A82027E93C01,07F11F22E18932C92EC7D6A4E16BD61EBD3E3DFD82BF9C7E3BC1A82027E93C01,True
E:\postdoc-work\ist-project\figures\Step68_Similarity_Stratum_Error_Rates.png,B8E6DE8B1FAD2EE7C25121C038BB8098AECC0D443806BB721599D5FBEBC04498,B8E6DE8B1FAD2EE7C25121C038BB8098AECC0D443806BB721599D5FBEBC04498,True
E:\postdoc-work\ist-project\figures\Step68_Similarity_vs_Eight_Model_Difficulty.png,687DD620B433B6A1A32D7C4399331449EFF47BFFF72A652552DE99CC79B88ACD,687DD620B433B6A1A32D7C4399331449EFF47BFFF72A652552DE99CC79B88ACD,True
E:\postdoc-work\ist-project\figures\Step69_Class_Similarity_vs_Difficulty.png,8C2502CB4028E289511E61C37CB550AD567287DDD19D3F7F7F4478ED3183188C,8C2502CB4028E289511E61C37CB550AD567287DDD19D3F7F7F4478ED3183188C,True
E:\postdoc-work\ist-project\figures\Step69_Class_Stratified_Difficulty.png,A2AD247118EDC98A9DA79662ED2C65D76F66FC9C5363692124651A537575E836,A2AD247118EDC98A9DA79662ED2C65D76F66FC9C5363692124651A537575E836,True
E:\postdoc-work\ist-project\figures\Step70_Matched_Neighbor_Relation_Differences.png,FFC0BB9D8F8D550C08FE64B1CB00FBF85545388CB42BA13DC4EB19F275F87250,FFC0BB9D8F8D550C08FE64B1CB00FBF85545388CB42BA13DC4EB19F275F87250,True
E:\postdoc-work\ist-project\figures\Step70_Neighbor_Relation_Error_Burden.png,57849EE5623A395506C8928367DE47D39F5C9BAE96B72C622D1167FD300DA9A6,57849EE5623A395506C8928367DE47D39F5C9BAE96B72C622D1167FD300DA9A6,True
E:\postdoc-work\ist-project\figures\Step77_Traditional_vs_ESM2_Canonical_Correlation.png,6EA41D11B8FF9A499C7BB75693705ECA8662A2D1B4BD8D60183937104D9F22D6,6EA41D11B8FF9A499C7BB75693705ECA8662A2D1B4BD8D60183937104D9F22D6,True
E:\postdoc-work\ist-project\figures\Step77_Descriptor_ESM2_PC_Association_Map.png,007B51886E29DB07DCEE02F72929A7B906803C284A2AF3AB86325B60F42A4121,007B51886E29DB07DCEE02F72929A7B906803C284A2AF3AB86325B60F42A4121,True
E:\postdoc-work\ist-project\figures\Step78_Cross_Validated_Canonical_Correlations.png,490618652776030BCF66AA65D0374D5872F2A8E87B53154D6DAD76A271961BC2,490618652776030BCF66AA65D0374D5872F2A8E87B53154D6DAD76A271961BC2,True
E:\postdoc-work\ist-project\figures\Step79_Fusion_vs_Single_Representation.png,DBD7C8F18C25584B304A81690BE9EA3241EBE86DD2F7AE81212364B6CDC636BF,DBD7C8F18C25584B304A81690BE9EA3241EBE86DD2F7AE81212364B6CDC636BF,True
E:\postdoc-work\ist-project\figures\Step80_Fusion_vs_ESM2_Paired_Bootstrap.png,246457ED469C57E534AEAE671E297B10C280ECFDC6DAD98A5932EF437DBBA358,246457ED469C57E534AEAE671E297B10C280ECFDC6DAD98A5932EF437DBBA358,True
E:\postdoc-work\ist-project\figures\Step81_ESM2_Feature_Importance_Stability.png,F051730A6E5534D3B698A48DC11F41237E98C8D5591422B3635A32CE957E2D93,F051730A6E5534D3B698A48DC11F41237E98C8D5591422B3635A32CE957E2D93,True
E:\postdoc-work\ist-project\figures\Step82_Hard_vs_Correct_Residue_Sensitivity.png,8F024D3346D08BFA0BCAE670ED07AF5BF6D60DF9B742C23A4B53C949E144E84A,8F024D3346D08BFA0BCAE670ED07AF5BF6D60DF9B742C23A4B53C949E144E84A,True
E:\postdoc-work\ist-project\figures\Step82_Hard_Case_Residue_Sensitivity.png,85359196C1114D16ACBA32BACE58CC8BBB5B00AD9C3CD440C7033325E4B8FD1B,85359196C1114D16ACBA32BACE58CC8BBB5B00AD9C3CD440C7033325E4B8FD1B,True
E:\postdoc-work\ist-project\figures\Step83_Residue_Category_Sensitivity.png,5C8F3368EF5CAB5EC25C70A832957308590166E17248C6453D47A8DFE1077A64,5C8F3368EF5CAB5EC25C70A832957308590166E17248C6453D47A8DFE1077A64,True
E:\postdoc-work\ist-project\figures\Step83_Motif_Context_Sensitivity.png,FB3A0B129C67CFA05A310EFD41B5EB8145E4671A1FF970C7867BC041210FDC24,FB3A0B129C67CFA05A310EFD41B5EB8145E4671A1FF970C7867BC041210FDC24,True
E:\postdoc-work\ist-project\figures\Step56_Traditional_Error_ESM2_Rescue_Map.png,03A7D3FA8D2CC1E6728A5B3062A8E1841EAB6E6FD84A72378FCB4AC3860B25AF,03A7D3FA8D2CC1E6728A5B3062A8E1841EAB6E6FD84A72378FCB4AC3860B25AF,True
E:\postdoc-work\ist-project\figures\Step57_Correct_Class_Probability_Shifts.png,84A2EFB9E8FA74B82757351968D18A01ADE2ECACB28D250C904D146027E46060,84A2EFB9E8FA74B82757351968D18A01ADE2ECACB28D250C904D146027E46060,True
E:\postdoc-work\ist-project\figures\Step58_Transition_Physicochemical_Profiles.png,49E32834571DA998AE28E72080232193624AAD82BE1ECE4C39CBF04FDDBEB9D6,49E32834571DA998AE28E72080232193624AAD82BE1ECE4C39CBF04FDDBEB9D6,True
E:\postdoc-work\ist-project\figures\Step59_Eight_Model_Hard_Case_Map.png,09C7429221C6732EB9F3873F542FBDA302409B569DBEEAE28A06839DEA7A3487,09C7429221C6732EB9F3873F542FBDA302409B569DBEEAE28A06839DEA7A3487,True
E:\postdoc-work\ist-project\figures\Step59_Traditional_ESM2_Error_Overlap.png,BCE635F00EA30EE2CC8A5B9076E06BF4F64766138ACC1B634554BB8BF9689891,BCE635F00EA30EE2CC8A5B9076E06BF4F64766138ACC1B634554BB8BF9689891,True
E:\postdoc-work\ist-project\figures\Step60_Hard_Case_Amino_Acid_Composition.png,1F2D7FF85E1443102AD3A4E20F18908CB1BE1F53A55C4E19870FE3CCF3E5CC0E,1F2D7FF85E1443102AD3A4E20F18908CB1BE1F53A55C4E19870FE3CCF3E5CC0E,True
E:\postdoc-work\ist-project\figures\Step60_Hard_Case_Motif_Enrichment.png,FDD22EEACBAACE88885A18FEAC6008AB2240AB06AD76DDEAB26D19F27D8F24D9,FDD22EEACBAACE88885A18FEAC6008AB2240AB06AD76DDEAB26D19F27D8F24D9,True
E:\postdoc-work\ist-project\figures\Step61_Hard_Case_Opposite_Class_Proximity.png,41D471CF9D98928138ACA9F505F7FEE20C4964DA14E7D2E3B27ACE77066F65F0,41D471CF9D98928138ACA9F505F7FEE20C4964DA14E7D2E3B27ACE77066F65F0,True
E:\postdoc-work\ist-project\figures\Step64_Hard_Case_Neighborhood_Purity.png,4120A02CB5980EA0624918459B366B8501B8EDE84279D04E1F530389BA6765FC,4120A02CB5980EA0624918459B366B8501B8EDE84279D04E1F530389BA6765FC,True
E:\postdoc-work\ist-project\figures\Step84_Universal_Hard_Case_Evidence_Map.png,A258F6E0E22EB10BB30F0E9FF23DACA6056AB6803E7A0256DE288E3D176F9E5A,A258F6E0E22EB10BB30F0E9FF23DACA6056AB6803E7A0256DE288E3D176F9E5A,True
