model,representation,classifier,threshold,n,active,inactive,prevalence,TN,FP,FN,TP,predicted_positive_count,sensitivity,specificity,precision,net_benefit,standardized_net_benefit,treat_all_net_benefit,treat_none_net_benefit,beats_treat_all,beats_treat_none,beats_both
Traditional Logistic Regression,Traditional,Logistic Regression,0.05,181,20,161,0.11049723756906077,112,49,0,20,69,1.0,0.6956521739130435,0.2898550724637681,0.09624890956673451,0.8710526315789474,0.0636813027042745,0.0,True,True,True
Traditional Logistic Regression,Traditional,Logistic Regression,0.06,181,20,161,0.11049723756906077,117,44,0,20,64,1.0,0.7267080745341615,0.3125,0.09498060420829904,0.8595744680851064,0.05372046549900082,0.0,True,True,True
Traditional Logistic Regression,Traditional,Logistic Regression,0.07,181,20,161,0.11049723756906077,119,42,0,20,62,1.0,0.7391304347826086,0.3225806451612903,0.09303154517911245,0.8419354838709677,0.04354541674092553,0.0,True,True,True
Traditional Logistic Regression,Traditional,Logistic Regression,0.08,181,20,161,0.11049723756906077,124,37,0,20,57,1.0,0.7701863354037267,0.3508771929824561,0.09272159500360316,0.8391304347826086,0.03314917127071823,0.0,True,True,True
Traditional Logistic Regression,Traditional,Logistic Regression,0.09,181,20,161,0.11049723756906077,128,33,0,20,53,1.0,0.7950310559006211,0.37735849056603776,0.09246554550421954,0.8368131868131868,0.022524436889077765,0.0,True,True,True
Traditional Logistic Regression,Traditional,Logistic Regression,0.1,181,20,161,0.11049723756906077,128,33,0,20,53,1.0,0.7950310559006211,0.37735849056603776,0.09023941068139962,0.8166666666666667,0.011663597298956399,0.0,True,True,True
Traditional Logistic Regression,Traditional,Logistic Regression,0.11,181,20,161,0.11049723756906077,130,31,0,20,51,1.0,0.8074534161490683,0.39215686274509803,0.0893289465516171,0.8084269662921348,0.0005586938978210804,0.0,True,True,True
Traditional Logistic Regression,Traditional,Logistic Regression,0.12,181,20,161,0.11049723756906077,131,30,0,20,50,1.0,0.8136645962732919,0.4,0.08789552988448016,0.7954545454545454,-0.010798593671521847,0.0,True,True,True
Traditional Logistic Regression,Traditional,Logistic Regression,0.13,181,20,161,0.11049723756906077,131,30,0,20,50,1.0,0.8136645962732919,0.4,0.08573061535530577,0.7758620689655172,-0.022416968311424423,0.0,True,True,True
Traditional Logistic Regression,Traditional,Logistic Regression,0.14,181,20,161,0.11049723756906077,132,29,0,20,49,1.0,0.8198757763975155,0.40816326530612246,0.08441475009636386,0.763953488372093,-0.03430553771039446,0.0,True,True,True
Traditional Logistic Regression,Traditional,Logistic Regression,0.15,181,20,161,0.11049723756906077,132,29,0,20,49,1.0,0.8198757763975155,0.40816326530612246,0.08222294442638933,0.7441176470588234,-0.04647383815404618,0.0,True,True,True
Traditional Logistic Regression,Traditional,Logistic Regression,0.16,181,20,161,0.11049723756906077,133,28,0,20,48,1.0,0.8260869565217391,0.4166666666666667,0.08103130755064455,0.7333333333333333,-0.058931860036832456,0.0,True,True,True
Traditional Logistic Regression,Traditional,Logistic Regression,0.17,181,20,161,0.11049723756906077,133,28,0,20,48,1.0,0.8260869565217391,0.4166666666666667,0.07881248751913732,0.7132530120481928,-0.07169007521799911,0.0,True,True,True
Traditional Logistic Regression,Traditional,Logistic Regression,0.18,181,20,161,0.11049723756906077,133,28,0,20,48,1.0,0.8260869565217391,0.4166666666666667,0.07653954992588599,0.6926829268292682,-0.08475946637919418,0.0,True,True,True
Traditional Logistic Regression,Traditional,Logistic Regression,0.19,181,20,161,0.11049723756906077,134,27,0,20,47,1.0,0.8322981366459627,0.425531914893617,0.07550644567219153,0.6833333333333333,-0.09815155855671509,0.0,True,True,True
Traditional Logistic Regression,Traditional,Logistic Regression,0.2,181,20,161,0.11049723756906077,134,27,0,20,47,1.0,0.8322981366459627,0.425531914893617,0.07320441988950276,0.6625,-0.11187845303867405,0.0,True,True,True
Traditional Logistic Regression,Traditional,Logistic Regression,0.21,181,20,161,0.11049723756906077,135,26,0,20,46,1.0,0.8385093167701864,0.43478260869565216,0.07231274914329675,0.6544303797468356,-0.12595286383663193,0.0,True,True,True
Traditional Logistic Regression,Traditional,Logistic Regression,0.22,181,20,161,0.11049723756906077,135,26,0,20,46,1.0,0.8385093167701864,0.43478260869565216,0.06998158379373848,0.6333333333333333,-0.1403881569627426,0.0,True,True,True
Traditional Logistic Regression,Traditional,Logistic Regression,0.23,181,20,161,0.11049723756906077,135,26,0,20,46,1.0,0.8385093167701864,0.43478260869565216,0.06758986869484107,0.6116883116883117,-0.15519839276745356,0.0,True,True,True
Traditional Logistic Regression,Traditional,Logistic Regression,0.24,181,20,161,0.11049723756906077,135,26,0,20,46,1.0,0.8385093167701864,0.43478260869565216,0.06513521372492004,0.5894736842105264,-0.17039837161965687,0.0,True,True,True
Traditional Logistic Regression,Traditional,Logistic Regression,0.25,181,20,161,0.11049723756906077,136,25,0,20,45,1.0,0.84472049689441,0.4444444444444444,0.06445672191528545,0.5833333333333334,-0.18600368324125233,0.0,True,True,True
Traditional Logistic Regression,Traditional,Logistic Regression,0.26,181,20,161,0.11049723756906077,136,25,0,20,45,1.0,0.84472049689441,0.4444444444444444,0.06196804539345975,0.5608108108108107,-0.2020307600418098,0.0,True,True,True
Traditional Logistic Regression,Traditional,Logistic Regression,0.27,181,20,161,0.11049723756906077,136,25,0,20,45,1.0,0.84472049689441,0.4444444444444444,0.05941118595322787,0.5376712328767123,-0.21849693483690313,0.0,True,True,True
Traditional Logistic Regression,Traditional,Logistic Regression,0.28,181,20,161,0.11049723756906077,137,24,0,20,44,1.0,0.8509316770186336,0.45454545454545453,0.0589318600368324,0.5333333333333332,-0.23542050337630455,0.0,True,True,True
Traditional Logistic Regression,Traditional,Logistic Regression,0.29,181,20,161,0.11049723756906077,137,24,0,20,44,1.0,0.8509316770186336,0.45454545454545453,0.05633802816901408,0.5098591549295775,-0.25282079215625247,0.0,True,True,True
Traditional Logistic Regression,Traditional,Logistic Regression,0.3,181,20,161,0.11049723756906077,138,23,0,20,43,1.0,0.8571428571428571,0.46511627906976744,0.05603788476716652,0.507142857142857,-0.270718232044199,0.0,True,True,True
Traditional Logistic Regression,Traditional,Logistic Regression,0.31,181,20,161,0.11049723756906077,138,23,0,20,43,1.0,0.8571428571428571,0.46511627906976744,0.053406998158379355,0.48333333333333317,-0.2891344383057091,0.0,True,True,True
Traditional Logistic Regression,Traditional,Logistic Regression,0.32,181,20,161,0.11049723756906077,138,23,0,20,43,1.0,0.8571428571428571,0.46511627906976744,0.05069873253168669,0.4588235294117646,-0.30809229769255775,0.0,True,True,True
Traditional Logistic Regression,Traditional,Logistic Regression,0.33,181,20,161,0.11049723756906077,138,23,0,20,43,1.0,0.8571428571428571,0.46511627906976744,0.0479096231549435,0.4335820895522387,-0.3276160633297602,0.0,True,True,True
Traditional Logistic Regression,Traditional,Logistic Regression,0.34,181,20,161,0.11049723756906077,138,23,0,20,43,1.0,0.8571428571428571,0.46511627906976744,0.04503599531223838,0.40757575757575737,-0.34773145822869594,0.0,True,True,True
Traditional Logistic Regression,Traditional,Logistic Regression,0.35,181,20,161,0.11049723756906077,138,23,0,20,43,1.0,0.8571428571428571,0.46511627906976744,0.04207394815129621,0.38076923076923075,-0.36846578835529115,0.0,True,True,True
Traditional Logistic Regression,Traditional,Logistic Regression,0.36,181,20,161,0.11049723756906077,138,23,0,20,43,1.0,0.8571428571428571,0.46511627906976744,0.039019337016574576,0.3531249999999999,-0.3898480662983426,0.0,True,True,True
Traditional Logistic Regression,Traditional,Logistic Regression,0.37,181,20,161,0.11049723756906077,138,23,0,20,43,1.0,0.8571428571428571,0.46511627906976744,0.03586775409979828,0.32460317460317445,-0.41190914671577666,0.0,True,True,True
Traditional Logistic Regression,Traditional,Logistic Regression,0.38,181,20,161,0.11049723756906077,138,23,0,20,43,1.0,0.8571428571428571,0.46511627906976744,0.0326145072179647,0.2951612903225806,-0.4346818748886117,0.0,True,True,True
Traditional Logistic Regression,Traditional,Logistic Regression,0.39,181,20,161,0.11049723756906077,140,21,0,20,41,1.0,0.8695652173913043,0.4878048780487805,0.03631917398786341,0.3286885245901639,-0.45820124988678573,0.0,True,True,True
Traditional Logistic Regression,Traditional,Logistic Regression,0.4,181,20,161,0.11049723756906077,140,21,0,20,41,1.0,0.8695652173913043,0.4878048780487805,0.03314917127071822,0.2999999999999999,-0.48250460405156553,0.0,True,True,True
Traditional Logistic Regression,Traditional,Logistic Regression,0.41,181,20,161,0.11049723756906077,140,21,0,20,41,1.0,0.8695652173913043,0.4878048780487805,0.02987171083434781,0.2703389830508477,-0.5076318007304053,0.0,True,True,True
Traditional Logistic Regression,Traditional,Logistic Regression,0.42,181,20,161,0.11049723756906077,142,19,0,20,39,1.0,0.8819875776397516,0.5128205128205128,0.03448275862068967,0.3120689655172415,-0.5336254524671364,0.0,True,True,True
Traditional Logistic Regression,Traditional,Logistic Regression,0.43,181,20,161,0.11049723756906077,142,19,0,20,39,1.0,0.8819875776397516,0.5128205128205128,0.03130755064456722,0.2833333333333334,-0.5605311621595426,0.0,True,True,True
Traditional Logistic Regression,Traditional,Logistic Regression,0.44,181,20,161,0.11049723756906077,142,19,0,20,39,1.0,0.8819875776397516,0.5128205128205128,0.028018942383583267,0.25357142857142856,-0.5883977900552486,0.0,True,True,True
Traditional Logistic Regression,Traditional,Logistic Regression,0.45,181,20,161,0.11049723756906077,142,19,0,20,39,1.0,0.8819875776397516,0.5128205128205128,0.02461074836765445,0.22272727272727277,-0.6172777498744351,0.0,True,True,True
Traditional Logistic Regression,Traditional,Logistic Regression,0.46,181,20,161,0.11049723756906077,142,19,0,20,39,1.0,0.8819875776397516,0.5128205128205128,0.021076324943728256,0.1907407407407407,-0.6472273378350728,0.0,True,True,True
Traditional Logistic Regression,Traditional,Logistic Regression,0.47,181,20,161,0.11049723756906077,142,19,0,20,39,1.0,0.8819875776397516,0.5128205128205128,0.017408527050974676,0.15754716981132083,-0.6783070989263005,0.0,True,True,True
Traditional Logistic Regression,Traditional,Logistic Regression,0.48,181,20,161,0.11049723756906077,142,19,0,20,39,1.0,0.8819875776397516,0.5128205128205128,0.013599660008499798,0.12307692307692317,-0.7105822354441138,0.0,True,True,True
Traditional Logistic Regression,Traditional,Logistic Regression,0.49,181,20,161,0.11049723756906077,142,19,0,20,39,1.0,0.8819875776397516,0.5128205128205128,0.009641425631025893,0.08725490196078434,-0.7441230635900768,0.0,True,True,True
Traditional Logistic Regression,Traditional,Logistic Regression,0.5,181,20,161,0.11049723756906077,142,19,1,19,38,0.95,0.8819875776397516,0.5,0.0,0.0,-0.7790055248618786,0.0,True,False,False
Traditional RBF-SVM,Traditional,RBF-SVM,0.05,181,20,161,0.11049723756906077,142,19,1,19,38,0.95,0.8819875776397516,0.5,0.09944751381215469,0.9,0.0636813027042745,0.0,True,True,True
Traditional RBF-SVM,Traditional,RBF-SVM,0.06,181,20,161,0.11049723756906077,144,17,1,19,36,0.95,0.8944099378881988,0.5277777777777778,0.09897731280122252,0.8957446808510638,0.05372046549900082,0.0,True,True,True
Traditional RBF-SVM,Traditional,RBF-SVM,0.07,181,20,161,0.11049723756906077,144,17,1,19,36,0.95,0.8944099378881988,0.5277777777777778,0.09790292877086675,0.886021505376344,0.04354541674092553,0.0,True,True,True
Traditional RBF-SVM,Traditional,RBF-SVM,0.08,181,20,161,0.11049723756906077,145,16,2,18,34,0.9,0.9006211180124224,0.5294117647058824,0.09176074945952438,0.8304347826086956,0.03314917127071823,0.0,True,True,True
Traditional RBF-SVM,Traditional,RBF-SVM,0.09,181,20,161,0.11049723756906077,145,16,2,18,34,0.9,0.9006211180124224,0.5294117647058824,0.09070487523526197,0.8208791208791208,0.022524436889077765,0.0,True,True,True
Traditional RBF-SVM,Traditional,RBF-SVM,0.1,181,20,161,0.11049723756906077,145,16,2,18,34,0.9,0.9006211180124224,0.5294117647058824,0.08962553713934929,0.8111111111111111,0.011663597298956399,0.0,True,True,True
Traditional RBF-SVM,Traditional,RBF-SVM,0.11,181,20,161,0.11049723756906077,145,16,2,18,34,0.9,0.9006211180124224,0.5294117647058824,0.08852194425476441,0.801123595505618,0.0005586938978210804,0.0,True,True,True
Traditional RBF-SVM,Traditional,RBF-SVM,0.12,181,20,161,0.11049723756906077,145,16,2,18,34,0.9,0.9006211180124224,0.5294117647058824,0.0873932697137117,0.7909090909090909,-0.010798593671521847,0.0,True,True,True
Traditional RBF-SVM,Traditional,RBF-SVM,0.13,181,20,161,0.11049723756906077,145,16,2,18,34,0.9,0.9006211180124224,0.5294117647058824,0.08623864863148537,0.7804597701149426,-0.022416968311424423,0.0,True,True,True
Traditional RBF-SVM,Traditional,RBF-SVM,0.14,181,20,161,0.11049723756906077,146,15,2,18,33,0.9,0.906832298136646,0.5454545454545454,0.08595657201593215,0.7779069767441861,-0.03430553771039446,0.0,True,True,True
Traditional RBF-SVM,Traditional,RBF-SVM,0.15,181,20,161,0.11049723756906077,146,15,2,18,33,0.9,0.906832298136646,0.5454545454545454,0.0848228794280143,0.7676470588235293,-0.04647383815404618,0.0,True,True,True
Traditional RBF-SVM,Traditional,RBF-SVM,0.16,181,20,161,0.11049723756906077,146,15,3,17,32,0.85,0.906832298136646,0.53125,0.07813733228097869,0.7071428571428572,-0.058931860036832456,0.0,True,True,True
Traditional RBF-SVM,Traditional,RBF-SVM,0.17,181,20,161,0.11049723756906077,147,14,3,17,31,0.85,0.9130434782608695,0.5483870967741935,0.07808027690873992,0.7066265060240963,-0.07169007521799911,0.0,True,True,True
Traditional RBF-SVM,Traditional,RBF-SVM,0.18,181,20,161,0.11049723756906077,147,14,3,17,31,0.85,0.9130434782608695,0.5483870967741935,0.07694380811211426,0.6963414634146341,-0.08475946637919418,0.0,True,True,True
Traditional RBF-SVM,Traditional,RBF-SVM,0.19,181,20,161,0.11049723756906077,147,14,3,17,31,0.85,0.9130434782608695,0.5483870967741935,0.07577927835754723,0.6858024691358025,-0.09815155855671509,0.0,True,True,True
Traditional RBF-SVM,Traditional,RBF-SVM,0.2,181,20,161,0.11049723756906077,147,14,3,17,31,0.85,0.9130434782608695,0.5483870967741935,0.07458563535911603,0.675,-0.11187845303867405,0.0,True,True,True
Traditional RBF-SVM,Traditional,RBF-SVM,0.21,181,20,161,0.11049723756906077,147,14,3,17,31,0.85,0.9130434782608695,0.5483870967741935,0.07336177355059795,0.6639240506329115,-0.12595286383663193,0.0,True,True,True
Traditional RBF-SVM,Traditional,RBF-SVM,0.22,181,20,161,0.11049723756906077,147,14,3,17,31,0.85,0.9130434782608695,0.5483870967741935,0.07210653067006657,0.6525641025641025,-0.1403881569627426,0.0,True,True,True
Traditional RBF-SVM,Traditional,RBF-SVM,0.23,181,20,161,0.11049723756906077,147,14,3,17,31,0.85,0.9130434782608695,0.5483870967741935,0.07081868407835258,0.6409090909090909,-0.15519839276745356,0.0,True,True,True
Traditional RBF-SVM,Traditional,RBF-SVM,0.24,181,20,161,0.11049723756906077,147,14,3,17,31,0.85,0.9130434782608695,0.5483870967741935,0.06949694678685664,0.6289473684210526,-0.17039837161965687,0.0,True,True,True
Traditional RBF-SVM,Traditional,RBF-SVM,0.25,181,20,161,0.11049723756906077,147,14,3,17,31,0.85,0.9130434782608695,0.5483870967741935,0.06813996316758747,0.6166666666666666,-0.18600368324125233,0.0,True,True,True
Traditional RBF-SVM,Traditional,RBF-SVM,0.26,181,20,161,0.11049723756906077,147,14,3,17,31,0.85,0.9130434782608695,0.5483870967741935,0.06674630431536509,0.6040540540540541,-0.2020307600418098,0.0,True,True,True
Traditional RBF-SVM,Traditional,RBF-SVM,0.27,181,20,161,0.11049723756906077,147,14,3,17,31,0.85,0.9130434782608695,0.5483870967741935,0.06531446302883523,0.5910958904109589,-0.21849693483690313,0.0,True,True,True
Traditional RBF-SVM,Traditional,RBF-SVM,0.28,181,20,161,0.11049723756906077,147,14,3,17,31,0.85,0.9130434782608695,0.5483870967741935,0.0638428483732351,0.5777777777777777,-0.23542050337630455,0.0,True,True,True
Traditional RBF-SVM,Traditional,RBF-SVM,0.29,181,20,161,0.11049723756906077,147,14,3,17,31,0.85,0.9130434782608695,0.5483870967741935,0.06232977978367442,0.5640845070422535,-0.25282079215625247,0.0,True,True,True
Traditional RBF-SVM,Traditional,RBF-SVM,0.3,181,20,161,0.11049723756906077,147,14,3,17,31,0.85,0.9130434782608695,0.5483870967741935,0.06077348066298342,0.55,-0.270718232044199,0.0,True,True,True
Traditional RBF-SVM,Traditional,RBF-SVM,0.31,181,20,161,0.11049723756906077,147,14,3,17,31,0.85,0.9130434782608695,0.5483870967741935,0.0591720714228521,0.5355072463768116,-0.2891344383057091,0.0,True,True,True
Traditional RBF-SVM,Traditional,RBF-SVM,0.32,181,20,161,0.11049723756906077,147,14,3,17,31,0.85,0.9130434782608695,0.5483870967741935,0.05752356191095222,0.5205882352941176,-0.30809229769255775,0.0,True,True,True
Traditional RBF-SVM,Traditional,RBF-SVM,0.33,181,20,161,0.11049723756906077,147,14,3,17,31,0.85,0.9130434782608695,0.5483870967741935,0.05582584315989114,0.5052238805970148,-0.3276160633297602,0.0,True,True,True
Traditional RBF-SVM,Traditional,RBF-SVM,0.34,181,20,161,0.11049723756906077,147,14,3,17,31,0.85,0.9130434782608695,0.5483870967741935,0.054076678386070644,0.4893939393939393,-0.34773145822869594,0.0,True,True,True
Traditional RBF-SVM,Traditional,RBF-SVM,0.35,181,20,161,0.11049723756906077,148,13,3,17,30,0.85,0.9192546583850931,0.5666666666666667,0.055248618784530384,0.5,-0.36846578835529115,0.0,True,True,True
Traditional RBF-SVM,Traditional,RBF-SVM,0.36,181,20,161,0.11049723756906077,148,13,3,17,30,0.85,0.9192546583850931,0.5666666666666667,0.05352209944751381,0.484375,-0.3898480662983426,0.0,True,True,True
Traditional RBF-SVM,Traditional,RBF-SVM,0.37,181,20,161,0.11049723756906077,148,13,3,17,30,0.85,0.9192546583850931,0.5666666666666667,0.05174076997281417,0.46825396825396826,-0.41190914671577666,0.0,True,True,True
Traditional RBF-SVM,Traditional,RBF-SVM,0.38,181,20,161,0.11049723756906077,148,13,3,17,30,0.85,0.9192546583850931,0.5666666666666667,0.04990197825699519,0.4516129032258065,-0.4346818748886117,0.0,True,True,True
Traditional RBF-SVM,Traditional,RBF-SVM,0.39,181,20,161,0.11049723756906077,148,13,3,17,30,0.85,0.9192546583850931,0.5666666666666667,0.04800289828819853,0.4344262295081967,-0.45820124988678573,0.0,True,True,True
Traditional RBF-SVM,Traditional,RBF-SVM,0.4,181,20,161,0.11049723756906077,148,13,3,17,30,0.85,0.9192546583850931,0.5666666666666667,0.046040515653775316,0.41666666666666663,-0.48250460405156553,0.0,True,True,True
Traditional RBF-SVM,Traditional,RBF-SVM,0.41,181,20,161,0.11049723756906077,148,13,3,17,30,0.85,0.9192546583850931,0.5666666666666667,0.04401161157411744,0.39830508474576287,-0.5076318007304053,0.0,True,True,True
Traditional RBF-SVM,Traditional,RBF-SVM,0.42,181,20,161,0.11049723756906077,148,13,3,17,30,0.85,0.9192546583850931,0.5666666666666667,0.04191274528481616,0.37931034482758624,-0.5336254524671364,0.0,True,True,True
Traditional RBF-SVM,Traditional,RBF-SVM,0.43,181,20,161,0.11049723756906077,148,13,3,17,30,0.85,0.9192546583850931,0.5666666666666667,0.03974023456431133,0.35964912280701755,-0.5605311621595426,0.0,True,True,True
Traditional RBF-SVM,Traditional,RBF-SVM,0.44,181,20,161,0.11049723756906077,148,13,3,17,30,0.85,0.9192546583850931,0.5666666666666667,0.03749013417521705,0.3392857142857143,-0.5883977900552486,0.0,True,True,True
Traditional RBF-SVM,Traditional,RBF-SVM,0.45,181,20,161,0.11049723756906077,148,13,3,17,30,0.85,0.9192546583850931,0.5666666666666667,0.03515821195379207,0.31818181818181823,-0.6172777498744351,0.0,True,True,True
Traditional RBF-SVM,Traditional,RBF-SVM,0.46,181,20,161,0.11049723756906077,149,12,3,17,29,0.85,0.9254658385093167,0.5862068965517241,0.03744628606507059,0.33888888888888885,-0.6472273378350728,0.0,True,True,True
Traditional RBF-SVM,Traditional,RBF-SVM,0.47,181,20,161,0.11049723756906077,150,11,3,17,28,0.85,0.9316770186335404,0.6071428571428571,0.040029187949546546,0.36226415094339626,-0.6783070989263005,0.0,True,True,True
Traditional RBF-SVM,Traditional,RBF-SVM,0.48,181,20,161,0.11049723756906077,150,11,3,17,28,0.85,0.9316770186335404,0.6071428571428571,0.037824054398640033,0.3423076923076923,-0.7105822354441138,0.0,True,True,True
Traditional RBF-SVM,Traditional,RBF-SVM,0.49,181,20,161,0.11049723756906077,150,11,3,17,28,0.85,0.9316770186335404,0.6071428571428571,0.03553244502220778,0.3215686274509804,-0.7441230635900768,0.0,True,True,True
Traditional RBF-SVM,Traditional,RBF-SVM,0.5,181,20,161,0.11049723756906077,150,11,3,17,28,0.85,0.9316770186335404,0.6071428571428571,0.03314917127071823,0.3,-0.7790055248618786,0.0,True,True,True
Traditional Random Forest,Traditional,Random Forest,0.05,181,20,161,0.11049723756906077,123,38,0,20,58,1.0,0.7639751552795031,0.3448275862068966,0.09944751381215469,0.9,0.0636813027042745,0.0,True,True,True
Traditional Random Forest,Traditional,Random Forest,0.06,181,20,161,0.11049723756906077,126,35,0,20,55,1.0,0.782608695652174,0.36363636363636365,0.09815446103209122,0.8882978723404256,0.05372046549900082,0.0,True,True,True
Traditional Random Forest,Traditional,Random Forest,0.07,181,20,161,0.11049723756906077,128,33,0,20,53,1.0,0.7950310559006211,0.37735849056603776,0.0967741935483871,0.8758064516129033,0.04354541674092553,0.0,True,True,True
Traditional Random Forest,Traditional,Random Forest,0.08,181,20,161,0.11049723756906077,129,32,0,20,52,1.0,0.8012422360248447,0.38461538461538464,0.09512370886380014,0.8608695652173913,0.03314917127071823,0.0,True,True,True
Traditional Random Forest,Traditional,Random Forest,0.09,181,20,161,0.11049723756906077,133,28,0,20,48,1.0,0.8260869565217391,0.4166666666666667,0.09519762005949851,0.8615384615384616,0.022524436889077765,0.0,True,True,True
Traditional Random Forest,Traditional,Random Forest,0.1,181,20,161,0.11049723756906077,134,27,0,20,47,1.0,0.8322981366459627,0.425531914893617,0.09392265193370165,0.85,0.011663597298956399,0.0,True,True,True
Traditional Random Forest,Traditional,Random Forest,0.11,181,20,161,0.11049723756906077,136,25,0,20,45,1.0,0.84472049689441,0.4444444444444444,0.09342603513563846,0.8455056179775281,0.0005586938978210804,0.0,True,True,True
Traditional Random Forest,Traditional,Random Forest,0.12,181,20,161,0.11049723756906077,137,24,0,20,44,1.0,0.8509316770186336,0.45454545454545453,0.09241587142139628,0.8363636363636363,-0.010798593671521847,0.0,True,True,True
Traditional Random Forest,Traditional,Random Forest,0.13,181,20,161,0.11049723756906077,137,24,1,19,43,0.95,0.8509316770186336,0.4418604651162791,0.08515907791960373,0.7706896551724137,-0.022416968311424423,0.0,True,True,True
Traditional Random Forest,Traditional,Random Forest,0.14,181,20,161,0.11049723756906077,137,24,1,19,43,0.95,0.8509316770186336,0.4418604651162791,0.08338686881665167,0.7546511627906977,-0.03430553771039446,0.0,True,True,True
Traditional Random Forest,Traditional,Random Forest,0.15,181,20,161,0.11049723756906077,139,22,1,19,41,0.95,0.8633540372670807,0.4634146341463415,0.08352291192720182,0.7558823529411766,-0.04647383815404618,0.0,True,True,True
Traditional Random Forest,Traditional,Random Forest,0.16,181,20,161,0.11049723756906077,141,20,1,19,39,0.95,0.8757763975155279,0.48717948717948717,0.08392528282031043,0.7595238095238095,-0.058931860036832456,0.0,True,True,True
Traditional Random Forest,Traditional,Random Forest,0.17,181,20,161,0.11049723756906077,143,18,1,19,37,0.95,0.8881987577639752,0.5135135135135135,0.08460360780137122,0.7656626506024096,-0.07169007521799911,0.0,True,True,True
Traditional Random Forest,Traditional,Random Forest,0.18,181,20,161,0.11049723756906077,143,18,1,19,37,0.95,0.8881987577639752,0.5135135135135135,0.08314243363428109,0.7524390243902439,-0.08475946637919418,0.0,True,True,True
Traditional Random Forest,Traditional,Random Forest,0.19,181,20,161,0.11049723756906077,143,18,1,19,37,0.95,0.8881987577639752,0.5135135135135135,0.0816451810926949,0.7388888888888889,-0.09815155855671509,0.0,True,True,True
Traditional Random Forest,Traditional,Random Forest,0.2,181,20,161,0.11049723756906077,146,15,1,19,34,0.95,0.906832298136646,0.5588235294117647,0.08425414364640883,0.7625,-0.11187845303867405,0.0,True,True,True
Traditional Random Forest,Traditional,Random Forest,0.21,181,20,161,0.11049723756906077,146,15,1,19,34,0.95,0.906832298136646,0.5588235294117647,0.08294286313728233,0.7506329113924051,-0.12595286383663193,0.0,True,True,True
Traditional Random Forest,Traditional,Random Forest,0.22,181,20,161,0.11049723756906077,146,15,1,19,34,0.95,0.906832298136646,0.5588235294117647,0.08159796005099873,0.7384615384615385,-0.1403881569627426,0.0,True,True,True
Traditional Random Forest,Traditional,Random Forest,0.23,181,20,161,0.11049723756906077,147,14,1,19,33,0.95,0.9130434782608695,0.5757575757575758,0.08186840783525866,0.7409090909090909,-0.15519839276745356,0.0,True,True,True
Traditional Random Forest,Traditional,Random Forest,0.24,181,20,161,0.11049723756906077,147,14,2,18,32,0.9,0.9130434782608695,0.5625,0.07502180866530968,0.6789473684210526,-0.17039837161965687,0.0,True,True,True
Traditional Random Forest,Traditional,Random Forest,0.25,181,20,161,0.11049723756906077,147,14,2,18,32,0.9,0.9130434782608695,0.5625,0.07366482504604052,0.6666666666666667,-0.18600368324125233,0.0,True,True,True
Traditional Random Forest,Traditional,Random Forest,0.26,181,20,161,0.11049723756906077,149,12,3,17,29,0.85,0.9254658385093167,0.5862068965517241,0.07062863968941316,0.6391891891891891,-0.2020307600418098,0.0,True,True,True
Traditional Random Forest,Traditional,Random Forest,0.27,181,20,161,0.11049723756906077,149,12,3,17,29,0.85,0.9254658385093167,0.5862068965517241,0.06940134715810187,0.6280821917808219,-0.21849693483690313,0.0,True,True,True
Traditional Random Forest,Traditional,Random Forest,0.28,181,20,161,0.11049723756906077,150,11,3,17,28,0.85,0.9316770186335404,0.6071428571428571,0.07028852056476365,0.6361111111111111,-0.23542050337630455,0.0,True,True,True
Traditional Random Forest,Traditional,Random Forest,0.29,181,20,161,0.11049723756906077,150,11,3,17,28,0.85,0.9316770186335404,0.6071428571428571,0.06909968095868026,0.6253521126760564,-0.25282079215625247,0.0,True,True,True
Traditional Random Forest,Traditional,Random Forest,0.3,181,20,161,0.11049723756906077,150,11,3,17,28,0.85,0.9316770186335404,0.6071428571428571,0.06787687450670876,0.6142857142857143,-0.270718232044199,0.0,True,True,True
Traditional Random Forest,Traditional,Random Forest,0.31,181,20,161,0.11049723756906077,150,11,3,17,28,0.85,0.9316770186335404,0.6071428571428571,0.06661862438946273,0.6028985507246377,-0.2891344383057091,0.0,True,True,True
Traditional Random Forest,Traditional,Random Forest,0.32,181,20,161,0.11049723756906077,151,10,3,17,27,0.85,0.937888198757764,0.6296296296296297,0.06792330191745205,0.6147058823529411,-0.30809229769255775,0.0,True,True,True
Traditional Random Forest,Traditional,Random Forest,0.33,181,20,161,0.11049723756906077,152,9,3,17,26,0.85,0.9440993788819876,0.6538461538461539,0.0694318462933949,0.6283582089552239,-0.3276160633297602,0.0,True,True,True
Traditional Random Forest,Traditional,Random Forest,0.34,181,20,161,0.11049723756906077,153,8,3,17,25,0.85,0.9503105590062112,0.68,0.07115352419219823,0.6439393939393939,-0.34773145822869594,0.0,True,True,True
Traditional Random Forest,Traditional,Random Forest,0.35,181,20,161,0.11049723756906077,153,8,3,17,25,0.85,0.9503105590062112,0.68,0.07012324691882703,0.6346153846153846,-0.36846578835529115,0.0,True,True,True
Traditional Random Forest,Traditional,Random Forest,0.36,181,20,161,0.11049723756906077,153,8,3,17,25,0.85,0.9503105590062112,0.68,0.06906077348066297,0.6249999999999999,-0.3898480662983426,0.0,True,True,True
Traditional Random Forest,Traditional,Random Forest,0.37,181,20,161,0.11049723756906077,153,8,3,17,25,0.85,0.9503105590062112,0.68,0.06796457072700166,0.615079365079365,-0.41190914671577666,0.0,True,True,True
Traditional Random Forest,Traditional,Random Forest,0.38,181,20,161,0.11049723756906077,153,8,3,17,25,0.85,0.9503105590062112,0.68,0.06683300659418998,0.6048387096774193,-0.4346818748886117,0.0,True,True,True
Traditional Random Forest,Traditional,Random Forest,0.39,181,20,161,0.11049723756906077,153,8,3,17,25,0.85,0.9503105590062112,0.68,0.06566434199800741,0.5942622950819672,-0.45820124988678573,0.0,True,True,True
Traditional Random Forest,Traditional,Random Forest,0.4,181,20,161,0.11049723756906077,153,8,3,17,25,0.85,0.9503105590062112,0.68,0.06445672191528545,0.5833333333333334,-0.48250460405156553,0.0,True,True,True
Traditional Random Forest,Traditional,Random Forest,0.41,181,20,161,0.11049723756906077,153,8,3,17,25,0.85,0.9503105590062112,0.68,0.0632081655585729,0.5720338983050848,-0.5076318007304053,0.0,True,True,True
Traditional Random Forest,Traditional,Random Forest,0.42,181,20,161,0.11049723756906077,153,8,3,17,25,0.85,0.9503105590062112,0.68,0.061916555534387505,0.560344827586207,-0.5336254524671364,0.0,True,True,True
Traditional Random Forest,Traditional,Random Forest,0.43,181,20,161,0.11049723756906077,153,8,3,17,25,0.85,0.9503105590062112,0.68,0.06057962586023069,0.5482456140350878,-0.5605311621595426,0.0,True,True,True
Traditional Random Forest,Traditional,Random Forest,0.44,181,20,161,0.11049723756906077,153,8,3,17,25,0.85,0.9503105590062112,0.68,0.05919494869771113,0.5357142857142857,-0.5883977900552486,0.0,True,True,True
Traditional Random Forest,Traditional,Random Forest,0.45,181,20,161,0.11049723756906077,153,8,3,17,25,0.85,0.9503105590062112,0.68,0.057759919638372674,0.5227272727272727,-0.6172777498744351,0.0,True,True,True
Traditional Random Forest,Traditional,Random Forest,0.46,181,20,161,0.11049723756906077,154,7,3,17,24,0.85,0.9565217391304348,0.7083333333333334,0.060978105177000204,0.5518518518518518,-0.6472273378350728,0.0,True,True,True
Traditional Random Forest,Traditional,Random Forest,0.47,181,20,161,0.11049723756906077,154,7,3,17,24,0.85,0.9565217391304348,0.7083333333333334,0.05962681121651204,0.539622641509434,-0.6783070989263005,0.0,True,True,True
Traditional Random Forest,Traditional,Random Forest,0.48,181,20,161,0.11049723756906077,154,7,3,17,24,0.85,0.9565217391304348,0.7083333333333334,0.058223544411389716,0.5269230769230769,-0.7105822354441138,0.0,True,True,True
Traditional Random Forest,Traditional,Random Forest,0.49,181,20,161,0.11049723756906077,154,7,3,17,24,0.85,0.9565217391304348,0.7083333333333334,0.05676524753547828,0.5137254901960784,-0.7441230635900768,0.0,True,True,True
Traditional Random Forest,Traditional,Random Forest,0.5,181,20,161,0.11049723756906077,154,7,3,17,24,0.85,0.9565217391304348,0.7083333333333334,0.055248618784530384,0.5,-0.7790055248618786,0.0,True,True,True
Traditional XGBoost,Traditional,XGBoost,0.05,181,20,161,0.11049723756906077,147,14,1,19,33,0.95,0.9130434782608695,0.5757575757575758,0.10090142483280023,0.9131578947368422,0.0636813027042745,0.0,True,True,True
Traditional XGBoost,Traditional,XGBoost,0.06,181,20,161,0.11049723756906077,148,13,1,19,32,0.95,0.9192546583850931,0.59375,0.10038791583401904,0.9085106382978724,0.05372046549900082,0.0,True,True,True
Traditional XGBoost,Traditional,XGBoost,0.07,181,20,161,0.11049723756906077,148,13,1,19,32,0.95,0.9192546583850931,0.59375,0.09956632804609991,0.9010752688172042,0.04354541674092553,0.0,True,True,True
Traditional XGBoost,Traditional,XGBoost,0.08,181,20,161,0.11049723756906077,148,13,1,19,32,0.95,0.9192546583850931,0.59375,0.0987268796540956,0.8934782608695653,0.03314917127071823,0.0,True,True,True
Traditional XGBoost,Traditional,XGBoost,0.09,181,20,161,0.11049723756906077,148,13,1,19,32,0.95,0.9192546583850931,0.59375,0.09786898184688239,0.8857142857142857,0.022524436889077765,0.0,True,True,True
Traditional XGBoost,Traditional,XGBoost,0.1,181,20,161,0.11049723756906077,148,13,1,19,32,0.95,0.9192546583850931,0.59375,0.09699201964395335,0.8777777777777779,0.011663597298956399,0.0,True,True,True
Traditional XGBoost,Traditional,XGBoost,0.11,181,20,161,0.11049723756906077,148,13,1,19,32,0.95,0.9192546583850931,0.59375,0.09609535042522813,0.8696629213483146,0.0005586938978210804,0.0,True,True,True
Traditional XGBoost,Traditional,XGBoost,0.12,181,20,161,0.11049723756906077,148,13,1,19,32,0.95,0.9192546583850931,0.59375,0.0951783023606228,0.8613636363636364,-0.010798593671521847,0.0,True,True,True
Traditional XGBoost,Traditional,XGBoost,0.13,181,20,161,0.11049723756906077,148,13,2,18,31,0.9,0.9192546583850931,0.5806451612903226,0.08871531085286086,0.8028735632183908,-0.022416968311424423,0.0,True,True,True
Traditional XGBoost,Traditional,XGBoost,0.14,181,20,161,0.11049723756906077,150,11,2,18,29,0.9,0.9316770186335404,0.6206896551724138,0.08955415649492483,0.8104651162790698,-0.03430553771039446,0.0,True,True,True
Traditional XGBoost,Traditional,XGBoost,0.15,181,20,161,0.11049723756906077,150,11,2,18,29,0.9,0.9316770186335404,0.6206896551724138,0.08872278193045173,0.8029411764705882,-0.04647383815404618,0.0,True,True,True
Traditional XGBoost,Traditional,XGBoost,0.16,181,20,161,0.11049723756906077,150,11,2,18,29,0.9,0.9316770186335404,0.6206896551724138,0.08787161273349119,0.7952380952380953,-0.058931860036832456,0.0,True,True,True
Traditional XGBoost,Traditional,XGBoost,0.17,181,20,161,0.11049723756906077,150,11,2,18,29,0.9,0.9316770186335404,0.6206896551724138,0.08699993343539905,0.7873493975903615,-0.07169007521799911,0.0,True,True,True
Traditional XGBoost,Traditional,XGBoost,0.18,181,20,161,0.11049723756906077,150,11,2,18,29,0.9,0.9316770186335404,0.6206896551724138,0.08610699366662175,0.7792682926829269,-0.08475946637919418,0.0,True,True,True
Traditional XGBoost,Traditional,XGBoost,0.19,181,20,161,0.11049723756906077,150,11,2,18,29,0.9,0.9316770186335404,0.6206896551724138,0.08519200600231908,0.7709876543209877,-0.09815155855671509,0.0,True,True,True
Traditional XGBoost,Traditional,XGBoost,0.2,181,20,161,0.11049723756906077,150,11,2,18,29,0.9,0.9316770186335404,0.6206896551724138,0.08425414364640883,0.7625,-0.11187845303867405,0.0,True,True,True
Traditional XGBoost,Traditional,XGBoost,0.21,181,20,161,0.11049723756906077,150,11,2,18,29,0.9,0.9316770186335404,0.6206896551724138,0.08329253793971605,0.7537974683544303,-0.12595286383663193,0.0,True,True,True
Traditional XGBoost,Traditional,XGBoost,0.22,181,20,161,0.11049723756906077,150,11,2,18,29,0.9,0.9316770186335404,0.6206896551724138,0.08230627567644141,0.7448717948717949,-0.1403881569627426,0.0,True,True,True
Traditional XGBoost,Traditional,XGBoost,0.23,181,20,161,0.11049723756906077,150,11,2,18,29,0.9,0.9316770186335404,0.6206896551724138,0.08129439621152328,0.7357142857142857,-0.15519839276745356,0.0,True,True,True
Traditional XGBoost,Traditional,XGBoost,0.24,181,20,161,0.11049723756906077,150,11,2,18,29,0.9,0.9316770186335404,0.6206896551724138,0.08025588833963361,0.7263157894736842,-0.17039837161965687,0.0,True,True,True
Traditional XGBoost,Traditional,XGBoost,0.25,181,20,161,0.11049723756906077,150,11,2,18,29,0.9,0.9316770186335404,0.6206896551724138,0.07918968692449355,0.7166666666666667,-0.18600368324125233,0.0,True,True,True
Traditional XGBoost,Traditional,XGBoost,0.26,181,20,161,0.11049723756906077,150,11,2,18,29,0.9,0.9316770186335404,0.6206896551724138,0.07809466925489025,0.7067567567567569,-0.2020307600418098,0.0,True,True,True
Traditional XGBoost,Traditional,XGBoost,0.27,181,20,161,0.11049723756906077,150,11,2,18,29,0.9,0.9316770186335404,0.6206896551724138,0.07696965110118822,0.6965753424657535,-0.21849693483690313,0.0,True,True,True
Traditional XGBoost,Traditional,XGBoost,0.28,181,20,161,0.11049723756906077,150,11,2,18,29,0.9,0.9316770186335404,0.6206896551724138,0.0758133824432167,0.6861111111111111,-0.23542050337630455,0.0,True,True,True
Traditional XGBoost,Traditional,XGBoost,0.29,181,20,161,0.11049723756906077,150,11,2,18,29,0.9,0.9316770186335404,0.6206896551724138,0.0746245428371333,0.6753521126760563,-0.25282079215625247,0.0,True,True,True
Traditional XGBoost,Traditional,XGBoost,0.3,181,20,161,0.11049723756906077,150,11,2,18,29,0.9,0.9316770186335404,0.6206896551724138,0.07340173638516179,0.6642857142857141,-0.270718232044199,0.0,True,True,True
Traditional XGBoost,Traditional,XGBoost,0.31,181,20,161,0.11049723756906077,150,11,2,18,29,0.9,0.9316770186335404,0.6206896551724138,0.07214348626791575,0.6528985507246375,-0.2891344383057091,0.0,True,True,True
Traditional XGBoost,Traditional,XGBoost,0.32,181,20,161,0.11049723756906077,151,10,2,18,28,0.9,0.937888198757764,0.6428571428571429,0.0734481637959051,0.6647058823529413,-0.30809229769255775,0.0,True,True,True
Traditional XGBoost,Traditional,XGBoost,0.33,181,20,161,0.11049723756906077,151,10,2,18,28,0.9,0.937888198757764,0.6428571428571429,0.07223550754514718,0.6537313432835821,-0.3276160633297602,0.0,True,True,True
Traditional XGBoost,Traditional,XGBoost,0.34,181,20,161,0.11049723756906077,151,10,2,18,28,0.9,0.937888198757764,0.6428571428571429,0.0709861041352754,0.6424242424242423,-0.34773145822869594,0.0,True,True,True
Traditional XGBoost,Traditional,XGBoost,0.35,181,20,161,0.11049723756906077,151,10,2,18,28,0.9,0.937888198757764,0.6428571428571429,0.0696982575435614,0.6307692307692307,-0.36846578835529115,0.0,True,True,True
Traditional XGBoost,Traditional,XGBoost,0.36,181,20,161,0.11049723756906077,151,10,2,18,28,0.9,0.937888198757764,0.6428571428571429,0.06837016574585636,0.6187500000000001,-0.3898480662983426,0.0,True,True,True
Traditional XGBoost,Traditional,XGBoost,0.37,181,20,161,0.11049723756906077,151,10,2,18,28,0.9,0.937888198757764,0.6428571428571429,0.0669999123037797,0.6063492063492063,-0.41190914671577666,0.0,True,True,True
Traditional XGBoost,Traditional,XGBoost,0.38,181,20,161,0.11049723756906077,151,10,2,18,28,0.9,0.937888198757764,0.6428571428571429,0.06558545713776509,0.593548387096774,-0.4346818748886117,0.0,True,True,True
Traditional XGBoost,Traditional,XGBoost,0.39,181,20,161,0.11049723756906077,153,8,2,18,26,0.9,0.9503105590062112,0.6923076923076923,0.07118920387646047,0.6442622950819672,-0.45820124988678573,0.0,True,True,True
Traditional XGBoost,Traditional,XGBoost,0.4,181,20,161,0.11049723756906077,153,8,2,18,26,0.9,0.9503105590062112,0.6923076923076923,0.06998158379373848,0.6333333333333333,-0.48250460405156553,0.0,True,True,True
Traditional XGBoost,Traditional,XGBoost,0.41,181,20,161,0.11049723756906077,153,8,2,18,26,0.9,0.9503105590062112,0.6923076923076923,0.06873302743702595,0.6220338983050848,-0.5076318007304053,0.0,True,True,True
Traditional XGBoost,Traditional,XGBoost,0.42,181,20,161,0.11049723756906077,153,8,2,18,26,0.9,0.9503105590062112,0.6923076923076923,0.06744141741284054,0.6103448275862069,-0.5336254524671364,0.0,True,True,True
Traditional XGBoost,Traditional,XGBoost,0.43,181,20,161,0.11049723756906077,153,8,2,18,26,0.9,0.9503105590062112,0.6923076923076923,0.06610448773868373,0.5982456140350878,-0.5605311621595426,0.0,True,True,True
Traditional XGBoost,Traditional,XGBoost,0.44,181,20,161,0.11049723756906077,153,8,2,18,26,0.9,0.9503105590062112,0.6923076923076923,0.06471981057616416,0.5857142857142856,-0.5883977900552486,0.0,True,True,True
Traditional XGBoost,Traditional,XGBoost,0.45,181,20,161,0.11049723756906077,153,8,2,18,26,0.9,0.9503105590062112,0.6923076923076923,0.0632847815168257,0.5727272727272726,-0.6172777498744351,0.0,True,True,True
Traditional XGBoost,Traditional,XGBoost,0.46,181,20,161,0.11049723756906077,153,8,2,18,26,0.9,0.9503105590062112,0.6923076923076923,0.06179660323306732,0.5592592592592592,-0.6472273378350728,0.0,True,True,True
Traditional XGBoost,Traditional,XGBoost,0.47,181,20,161,0.11049723756906077,153,8,2,18,26,0.9,0.9503105590062112,0.6923076923076923,0.060252267278223706,0.5452830188679245,-0.6783070989263005,0.0,True,True,True
Traditional XGBoost,Traditional,XGBoost,0.48,181,20,161,0.11049723756906077,153,8,2,18,26,0.9,0.9503105590062112,0.6923076923076923,0.058648533786655334,0.5307692307692308,-0.7105822354441138,0.0,True,True,True
Traditional XGBoost,Traditional,XGBoost,0.49,181,20,161,0.11049723756906077,153,8,2,18,26,0.9,0.9503105590062112,0.6923076923076923,0.0569819087856137,0.515686274509804,-0.7441230635900768,0.0,True,True,True
Traditional XGBoost,Traditional,XGBoost,0.5,181,20,161,0.11049723756906077,153,8,2,18,26,0.9,0.9503105590062112,0.6923076923076923,0.055248618784530384,0.5,-0.7790055248618786,0.0,True,True,True
ESM-2 Logistic Regression,ESM-2,Logistic Regression,0.05,181,20,161,0.11049723756906077,142,19,1,19,38,0.95,0.8819875776397516,0.5,0.09944751381215469,0.9,0.0636813027042745,0.0,True,True,True
ESM-2 Logistic Regression,ESM-2,Logistic Regression,0.06,181,20,161,0.11049723756906077,144,17,1,19,36,0.95,0.8944099378881988,0.5277777777777778,0.09897731280122252,0.8957446808510638,0.05372046549900082,0.0,True,True,True
ESM-2 Logistic Regression,ESM-2,Logistic Regression,0.07,181,20,161,0.11049723756906077,144,17,1,19,36,0.95,0.8944099378881988,0.5277777777777778,0.09790292877086675,0.886021505376344,0.04354541674092553,0.0,True,True,True
ESM-2 Logistic Regression,ESM-2,Logistic Regression,0.08,181,20,161,0.11049723756906077,144,17,1,19,36,0.95,0.8944099378881988,0.5277777777777778,0.09680518856593802,0.8760869565217391,0.03314917127071823,0.0,True,True,True
ESM-2 Logistic Regression,ESM-2,Logistic Regression,0.09,181,20,161,0.11049723756906077,146,15,1,19,34,0.95,0.906832298136646,0.5588235294117647,0.0967761520247708,0.8758241758241758,0.022524436889077765,0.0,True,True,True
ESM-2 Logistic Regression,ESM-2,Logistic Regression,0.1,181,20,161,0.11049723756906077,146,15,1,19,34,0.95,0.906832298136646,0.5588235294117647,0.09576427255985266,0.8666666666666666,0.011663597298956399,0.0,True,True,True
ESM-2 Logistic Regression,ESM-2,Logistic Regression,0.11,181,20,161,0.11049723756906077,146,15,1,19,34,0.95,0.906832298136646,0.5588235294117647,0.09472965423055435,0.8573033707865169,0.0005586938978210804,0.0,True,True,True
ESM-2 Logistic Regression,ESM-2,Logistic Regression,0.12,181,20,161,0.11049723756906077,146,15,1,19,34,0.95,0.906832298136646,0.5588235294117647,0.09367152184831742,0.8477272727272728,-0.010798593671521847,0.0,True,True,True
ESM-2 Logistic Regression,ESM-2,Logistic Regression,0.13,181,20,161,0.11049723756906077,146,15,1,19,34,0.95,0.906832298136646,0.5588235294117647,0.09258906458373023,0.8379310344827586,-0.022416968311424423,0.0,True,True,True
ESM-2 Logistic Regression,ESM-2,Logistic Regression,0.14,181,20,161,0.11049723756906077,147,14,1,19,33,0.95,0.9130434782608695,0.5757575757575758,0.09238083001413336,0.8360465116279069,-0.03430553771039446,0.0,True,True,True
ESM-2 Logistic Regression,ESM-2,Logistic Regression,0.15,181,20,161,0.11049723756906077,147,14,1,19,33,0.95,0.9130434782608695,0.5757575757575758,0.09132271693207669,0.8264705882352941,-0.04647383815404618,0.0,True,True,True
ESM-2 Logistic Regression,ESM-2,Logistic Regression,0.16,181,20,161,0.11049723756906077,147,14,1,19,33,0.95,0.9130434782608695,0.5757575757575758,0.09023941068139962,0.8166666666666667,-0.058931860036832456,0.0,True,True,True
ESM-2 Logistic Regression,ESM-2,Logistic Regression,0.17,181,20,161,0.11049723756906077,147,14,1,19,33,0.95,0.9130434782608695,0.5757575757575758,0.089130000665646,0.8066265060240964,-0.07169007521799911,0.0,True,True,True
ESM-2 Logistic Regression,ESM-2,Logistic Regression,0.18,181,20,161,0.11049723756906077,147,14,1,19,33,0.95,0.9130434782608695,0.5757575757575758,0.08799353186902034,0.7963414634146341,-0.08475946637919418,0.0,True,True,True
ESM-2 Logistic Regression,ESM-2,Logistic Regression,0.19,181,20,161,0.11049723756906077,148,13,1,19,32,0.95,0.9192546583850931,0.59375,0.08812495736989291,0.7975308641975308,-0.09815155855671509,0.0,True,True,True
ESM-2 Logistic Regression,ESM-2,Logistic Regression,0.2,181,20,161,0.11049723756906077,148,13,1,19,32,0.95,0.9192546583850931,0.59375,0.08701657458563536,0.7875,-0.11187845303867405,0.0,True,True,True
ESM-2 Logistic Regression,ESM-2,Logistic Regression,0.21,181,20,161,0.11049723756906077,148,13,1,19,32,0.95,0.9192546583850931,0.59375,0.08588013147772572,0.7772151898734178,-0.12595286383663193,0.0,True,True,True
ESM-2 Logistic Regression,ESM-2,Logistic Regression,0.22,181,20,161,0.11049723756906077,148,13,1,19,32,0.95,0.9192546583850931,0.59375,0.08471454880294658,0.7666666666666666,-0.1403881569627426,0.0,True,True,True
ESM-2 Logistic Regression,ESM-2,Logistic Regression,0.23,181,20,161,0.11049723756906077,148,13,1,19,32,0.95,0.9192546583850931,0.59375,0.08351869125349788,0.7558441558441559,-0.15519839276745356,0.0,True,True,True
ESM-2 Logistic Regression,ESM-2,Logistic Regression,0.24,181,20,161,0.11049723756906077,148,13,1,19,32,0.95,0.9192546583850931,0.59375,0.08229136376853737,0.7447368421052631,-0.17039837161965687,0.0,True,True,True
ESM-2 Logistic Regression,ESM-2,Logistic Regression,0.25,181,20,161,0.11049723756906077,148,13,1,19,32,0.95,0.9192546583850931,0.59375,0.08103130755064457,0.7333333333333334,-0.18600368324125233,0.0,True,True,True
ESM-2 Logistic Regression,ESM-2,Logistic Regression,0.26,181,20,161,0.11049723756906077,148,13,1,19,32,0.95,0.9192546583850931,0.59375,0.0797371957592952,0.7216216216216217,-0.2020307600418098,0.0,True,True,True
ESM-2 Logistic Regression,ESM-2,Logistic Regression,0.27,181,20,161,0.11049723756906077,148,13,1,19,32,0.95,0.9192546583850931,0.59375,0.07840762885037462,0.7095890410958904,-0.21849693483690313,0.0,True,True,True
ESM-2 Logistic Regression,ESM-2,Logistic Regression,0.28,181,20,161,0.11049723756906077,148,13,1,19,32,0.95,0.9192546583850931,0.59375,0.07704112952731737,0.6972222222222222,-0.23542050337630455,0.0,True,True,True
ESM-2 Logistic Regression,ESM-2,Logistic Regression,0.29,181,20,161,0.11049723756906077,148,13,1,19,32,0.95,0.9192546583850931,0.59375,0.07563613726558244,0.6845070422535211,-0.25282079215625247,0.0,True,True,True
ESM-2 Logistic Regression,ESM-2,Logistic Regression,0.3,181,20,161,0.11049723756906077,148,13,1,19,32,0.95,0.9192546583850931,0.59375,0.07419100236779794,0.6714285714285714,-0.270718232044199,0.0,True,True,True
ESM-2 Logistic Regression,ESM-2,Logistic Regression,0.31,181,20,161,0.11049723756906077,148,13,1,19,32,0.95,0.9192546583850931,0.59375,0.07270397950196172,0.6579710144927536,-0.2891344383057091,0.0,True,True,True
ESM-2 Logistic Regression,ESM-2,Logistic Regression,0.32,181,20,161,0.11049723756906077,148,13,1,19,32,0.95,0.9192546583850931,0.59375,0.07117322066948326,0.6441176470588235,-0.30809229769255775,0.0,True,True,True
ESM-2 Logistic Regression,ESM-2,Logistic Regression,0.33,181,20,161,0.11049723756906077,148,13,1,19,32,0.95,0.9192546583850931,0.59375,0.06959676754349797,0.6298507462686567,-0.3276160633297602,0.0,True,True,True
ESM-2 Logistic Regression,ESM-2,Logistic Regression,0.34,181,20,161,0.11049723756906077,150,11,1,19,30,0.95,0.9316770186335404,0.6333333333333333,0.07366482504604051,0.6666666666666666,-0.34773145822869594,0.0,True,True,True
ESM-2 Logistic Regression,ESM-2,Logistic Regression,0.35,181,20,161,0.11049723756906077,150,11,1,19,30,0.95,0.9316770186335404,0.6333333333333333,0.07224819379515512,0.6538461538461539,-0.36846578835529115,0.0,True,True,True
ESM-2 Logistic Regression,ESM-2,Logistic Regression,0.36,181,20,161,0.11049723756906077,150,11,1,19,30,0.95,0.9316770186335404,0.6333333333333333,0.07078729281767956,0.6406250000000001,-0.3898480662983426,0.0,True,True,True
ESM-2 Logistic Regression,ESM-2,Logistic Regression,0.37,181,20,161,0.11049723756906077,150,11,1,19,30,0.95,0.9316770186335404,0.6333333333333333,0.06928001403139525,0.626984126984127,-0.41190914671577666,0.0,True,True,True
ESM-2 Logistic Regression,ESM-2,Logistic Regression,0.38,181,20,161,0.11049723756906077,150,11,1,19,30,0.95,0.9316770186335404,0.6333333333333333,0.06772411334877917,0.6129032258064515,-0.4346818748886117,0.0,True,True,True
ESM-2 Logistic Regression,ESM-2,Logistic Regression,0.39,181,20,161,0.11049723756906077,150,11,1,19,30,0.95,0.9316770186335404,0.6333333333333333,0.06611719952902817,0.5983606557377049,-0.45820124988678573,0.0,True,True,True
ESM-2 Logistic Regression,ESM-2,Logistic Regression,0.4,181,20,161,0.11049723756906077,150,11,1,19,30,0.95,0.9316770186335404,0.6333333333333333,0.06445672191528545,0.5833333333333334,-0.48250460405156553,0.0,True,True,True
ESM-2 Logistic Regression,ESM-2,Logistic Regression,0.41,181,20,161,0.11049723756906077,150,11,1,19,30,0.95,0.9316770186335404,0.6333333333333333,0.0627399569248057,0.5677966101694917,-0.5076318007304053,0.0,True,True,True
ESM-2 Logistic Regression,ESM-2,Logistic Regression,0.42,181,20,161,0.11049723756906077,151,10,1,19,29,0.95,0.937888198757764,0.6551724137931034,0.06496475519146505,0.5879310344827587,-0.5336254524671364,0.0,True,True,True
ESM-2 Logistic Regression,ESM-2,Logistic Regression,0.43,181,20,161,0.11049723756906077,151,10,1,19,29,0.95,0.937888198757764,0.6551724137931034,0.06329359309876903,0.5728070175438598,-0.5605311621595426,0.0,True,True,True
ESM-2 Logistic Regression,ESM-2,Logistic Regression,0.44,181,20,161,0.11049723756906077,151,10,1,19,29,0.95,0.937888198757764,0.6551724137931034,0.06156274664561957,0.5571428571428572,-0.5883977900552486,0.0,True,True,True
ESM-2 Logistic Regression,ESM-2,Logistic Regression,0.45,181,20,161,0.11049723756906077,151,10,1,19,29,0.95,0.937888198757764,0.6551724137931034,0.05976896032144651,0.5409090909090909,-0.6172777498744351,0.0,True,True,True
ESM-2 Logistic Regression,ESM-2,Logistic Regression,0.46,181,20,161,0.11049723756906077,152,9,1,19,28,0.95,0.9440993788819876,0.6785714285714286,0.06261510128913444,0.5666666666666668,-0.6472273378350728,0.0,True,True,True
ESM-2 Logistic Regression,ESM-2,Logistic Regression,0.47,181,20,161,0.11049723756906077,152,9,1,19,28,0.95,0.9440993788819876,0.6785714285714286,0.06087772333993537,0.5509433962264152,-0.6783070989263005,0.0,True,True,True
ESM-2 Logistic Regression,ESM-2,Logistic Regression,0.48,181,20,161,0.11049723756906077,152,9,1,19,28,0.95,0.9440993788819876,0.6785714285714286,0.05907352316192095,0.5346153846153846,-0.7105822354441138,0.0,True,True,True
ESM-2 Logistic Regression,ESM-2,Logistic Regression,0.49,181,20,161,0.11049723756906077,152,9,1,19,28,0.95,0.9440993788819876,0.6785714285714286,0.05719857003574911,0.5176470588235295,-0.7441230635900768,0.0,True,True,True
ESM-2 Logistic Regression,ESM-2,Logistic Regression,0.5,181,20,161,0.11049723756906077,152,9,1,19,28,0.95,0.9440993788819876,0.6785714285714286,0.055248618784530384,0.5,-0.7790055248618786,0.0,True,True,True
ESM-2 RBF-SVM,ESM-2,RBF-SVM,0.05,181,20,161,0.11049723756906077,141,20,0,20,40,1.0,0.8757763975155279,0.5,0.10468159348647862,0.9473684210526316,0.0636813027042745,0.0,True,True,True
ESM-2 RBF-SVM,ESM-2,RBF-SVM,0.06,181,20,161,0.11049723756906077,143,18,0,20,38,1.0,0.8881987577639752,0.5263157894736842,0.10414952392147643,0.9425531914893618,0.05372046549900082,0.0,True,True,True
ESM-2 RBF-SVM,ESM-2,RBF-SVM,0.07,181,20,161,0.11049723756906077,144,17,0,20,37,1.0,0.8944099378881988,0.5405405405405406,0.10342779064931978,0.9360215053763441,0.04354541674092553,0.0,True,True,True
ESM-2 RBF-SVM,ESM-2,RBF-SVM,0.08,181,20,161,0.11049723756906077,144,17,0,20,37,1.0,0.8944099378881988,0.5405405405405406,0.10233005044439106,0.9260869565217391,0.03314917127071823,0.0,True,True,True
ESM-2 RBF-SVM,ESM-2,RBF-SVM,0.09,181,20,161,0.11049723756906077,145,16,0,20,36,1.0,0.9006211180124224,0.5555555555555556,0.10175459899216804,0.9208791208791208,0.022524436889077765,0.0,True,True,True
ESM-2 RBF-SVM,ESM-2,RBF-SVM,0.1,181,20,161,0.11049723756906077,145,16,0,20,36,1.0,0.9006211180124224,0.5555555555555556,0.10067526089625536,0.9111111111111111,0.011663597298956399,0.0,True,True,True
ESM-2 RBF-SVM,ESM-2,RBF-SVM,0.11,181,20,161,0.11049723756906077,145,16,1,19,35,0.95,0.9006211180124224,0.5428571428571428,0.09404680613321745,0.8511235955056179,0.0005586938978210804,0.0,True,True,True
ESM-2 RBF-SVM,ESM-2,RBF-SVM,0.12,181,20,161,0.11049723756906077,145,16,1,19,35,0.95,0.9006211180124224,0.5428571428571428,0.09291813159216473,0.8409090909090909,-0.010798593671521847,0.0,True,True,True
ESM-2 RBF-SVM,ESM-2,RBF-SVM,0.13,181,20,161,0.11049723756906077,145,16,1,19,35,0.95,0.9006211180124224,0.5428571428571428,0.09176351050993839,0.8304597701149424,-0.022416968311424423,0.0,True,True,True
ESM-2 RBF-SVM,ESM-2,RBF-SVM,0.14,181,20,161,0.11049723756906077,145,16,1,19,35,0.95,0.9006211180124224,0.5428571428571428,0.09058203777463703,0.8197674418604651,-0.03430553771039446,0.0,True,True,True
ESM-2 RBF-SVM,ESM-2,RBF-SVM,0.15,181,20,161,0.11049723756906077,145,16,1,19,35,0.95,0.9006211180124224,0.5428571428571428,0.08937276568085797,0.8088235294117647,-0.04647383815404618,0.0,True,True,True
ESM-2 RBF-SVM,ESM-2,RBF-SVM,0.16,181,20,161,0.11049723756906077,146,15,1,19,34,0.95,0.906832298136646,0.5588235294117647,0.08918705603788477,0.8071428571428572,-0.058931860036832456,0.0,True,True,True
ESM-2 RBF-SVM,ESM-2,RBF-SVM,0.17,181,20,161,0.11049723756906077,146,15,1,19,34,0.95,0.906832298136646,0.5588235294117647,0.08799840244957731,0.7963855421686746,-0.07169007521799911,0.0,True,True,True
ESM-2 RBF-SVM,ESM-2,RBF-SVM,0.18,181,20,161,0.11049723756906077,146,15,1,19,34,0.95,0.906832298136646,0.5588235294117647,0.08678075731033554,0.7853658536585366,-0.08475946637919418,0.0,True,True,True
ESM-2 RBF-SVM,ESM-2,RBF-SVM,0.19,181,20,161,0.11049723756906077,146,15,1,19,34,0.95,0.906832298136646,0.5588235294117647,0.08553304685901371,0.7740740740740741,-0.09815155855671509,0.0,True,True,True
ESM-2 RBF-SVM,ESM-2,RBF-SVM,0.2,181,20,161,0.11049723756906077,146,15,1,19,34,0.95,0.906832298136646,0.5588235294117647,0.08425414364640883,0.7625,-0.11187845303867405,0.0,True,True,True
ESM-2 RBF-SVM,ESM-2,RBF-SVM,0.21,181,20,161,0.11049723756906077,146,15,1,19,34,0.95,0.906832298136646,0.5588235294117647,0.08294286313728233,0.7506329113924051,-0.12595286383663193,0.0,True,True,True
ESM-2 RBF-SVM,ESM-2,RBF-SVM,0.22,181,20,161,0.11049723756906077,146,15,1,19,34,0.95,0.906832298136646,0.5588235294117647,0.08159796005099873,0.7384615384615385,-0.1403881569627426,0.0,True,True,True
ESM-2 RBF-SVM,ESM-2,RBF-SVM,0.23,181,20,161,0.11049723756906077,146,15,1,19,34,0.95,0.906832298136646,0.5588235294117647,0.08021812441701945,0.725974025974026,-0.15519839276745356,0.0,True,True,True
ESM-2 RBF-SVM,ESM-2,RBF-SVM,0.24,181,20,161,0.11049723756906077,148,13,1,19,32,0.95,0.9192546583850931,0.59375,0.08229136376853737,0.7447368421052631,-0.17039837161965687,0.0,True,True,True
ESM-2 RBF-SVM,ESM-2,RBF-SVM,0.25,181,20,161,0.11049723756906077,148,13,1,19,32,0.95,0.9192546583850931,0.59375,0.08103130755064457,0.7333333333333334,-0.18600368324125233,0.0,True,True,True
ESM-2 RBF-SVM,ESM-2,RBF-SVM,0.26,181,20,161,0.11049723756906077,148,13,1,19,32,0.95,0.9192546583850931,0.59375,0.0797371957592952,0.7216216216216217,-0.2020307600418098,0.0,True,True,True
ESM-2 RBF-SVM,ESM-2,RBF-SVM,0.27,181,20,161,0.11049723756906077,148,13,1,19,32,0.95,0.9192546583850931,0.59375,0.07840762885037462,0.7095890410958904,-0.21849693483690313,0.0,True,True,True
ESM-2 RBF-SVM,ESM-2,RBF-SVM,0.28,181,20,161,0.11049723756906077,148,13,1,19,32,0.95,0.9192546583850931,0.59375,0.07704112952731737,0.6972222222222222,-0.23542050337630455,0.0,True,True,True
ESM-2 RBF-SVM,ESM-2,RBF-SVM,0.29,181,20,161,0.11049723756906077,148,13,1,19,32,0.95,0.9192546583850931,0.59375,0.07563613726558244,0.6845070422535211,-0.25282079215625247,0.0,True,True,True
ESM-2 RBF-SVM,ESM-2,RBF-SVM,0.3,181,20,161,0.11049723756906077,148,13,1,19,32,0.95,0.9192546583850931,0.59375,0.07419100236779794,0.6714285714285714,-0.270718232044199,0.0,True,True,True
ESM-2 RBF-SVM,ESM-2,RBF-SVM,0.31,181,20,161,0.11049723756906077,149,12,1,19,31,0.95,0.9254658385093167,0.6129032258064516,0.07518616382416526,0.6804347826086957,-0.2891344383057091,0.0,True,True,True
ESM-2 RBF-SVM,ESM-2,RBF-SVM,0.32,181,20,161,0.11049723756906077,149,12,1,19,31,0.95,0.9254658385093167,0.6129032258064516,0.07377315567110822,0.6676470588235294,-0.30809229769255775,0.0,True,True,True
ESM-2 RBF-SVM,ESM-2,RBF-SVM,0.33,181,20,161,0.11049723756906077,149,12,1,19,31,0.95,0.9254658385093167,0.6129032258064516,0.07231796817019873,0.6544776119402985,-0.3276160633297602,0.0,True,True,True
ESM-2 RBF-SVM,ESM-2,RBF-SVM,0.34,181,20,161,0.11049723756906077,149,12,1,19,31,0.95,0.9254658385093167,0.6129032258064516,0.07081868407835257,0.6409090909090908,-0.34773145822869594,0.0,True,True,True
ESM-2 RBF-SVM,ESM-2,RBF-SVM,0.35,181,20,161,0.11049723756906077,150,11,1,19,30,0.95,0.9316770186335404,0.6333333333333333,0.07224819379515512,0.6538461538461539,-0.36846578835529115,0.0,True,True,True
ESM-2 RBF-SVM,ESM-2,RBF-SVM,0.36,181,20,161,0.11049723756906077,150,11,1,19,30,0.95,0.9316770186335404,0.6333333333333333,0.07078729281767956,0.6406250000000001,-0.3898480662983426,0.0,True,True,True
ESM-2 RBF-SVM,ESM-2,RBF-SVM,0.37,181,20,161,0.11049723756906077,150,11,1,19,30,0.95,0.9316770186335404,0.6333333333333333,0.06928001403139525,0.626984126984127,-0.41190914671577666,0.0,True,True,True
ESM-2 RBF-SVM,ESM-2,RBF-SVM,0.38,181,20,161,0.11049723756906077,150,11,1,19,30,0.95,0.9316770186335404,0.6333333333333333,0.06772411334877917,0.6129032258064515,-0.4346818748886117,0.0,True,True,True
ESM-2 RBF-SVM,ESM-2,RBF-SVM,0.39,181,20,161,0.11049723756906077,150,11,1,19,30,0.95,0.9316770186335404,0.6333333333333333,0.06611719952902817,0.5983606557377049,-0.45820124988678573,0.0,True,True,True
ESM-2 RBF-SVM,ESM-2,RBF-SVM,0.4,181,20,161,0.11049723756906077,150,11,1,19,30,0.95,0.9316770186335404,0.6333333333333333,0.06445672191528545,0.5833333333333334,-0.48250460405156553,0.0,True,True,True
ESM-2 RBF-SVM,ESM-2,RBF-SVM,0.41,181,20,161,0.11049723756906077,150,11,1,19,30,0.95,0.9316770186335404,0.6333333333333333,0.0627399569248057,0.5677966101694917,-0.5076318007304053,0.0,True,True,True
ESM-2 RBF-SVM,ESM-2,RBF-SVM,0.42,181,20,161,0.11049723756906077,150,11,1,19,30,0.95,0.9316770186335404,0.6333333333333333,0.06096399314155077,0.5517241379310345,-0.5336254524671364,0.0,True,True,True
ESM-2 RBF-SVM,ESM-2,RBF-SVM,0.43,181,20,161,0.11049723756906077,151,10,1,19,29,0.95,0.937888198757764,0.6551724137931034,0.06329359309876903,0.5728070175438598,-0.5605311621595426,0.0,True,True,True
ESM-2 RBF-SVM,ESM-2,RBF-SVM,0.44,181,20,161,0.11049723756906077,151,10,1,19,29,0.95,0.937888198757764,0.6551724137931034,0.06156274664561957,0.5571428571428572,-0.5883977900552486,0.0,True,True,True
ESM-2 RBF-SVM,ESM-2,RBF-SVM,0.45,181,20,161,0.11049723756906077,151,10,1,19,29,0.95,0.937888198757764,0.6551724137931034,0.05976896032144651,0.5409090909090909,-0.6172777498744351,0.0,True,True,True
ESM-2 RBF-SVM,ESM-2,RBF-SVM,0.46,181,20,161,0.11049723756906077,151,10,1,19,29,0.95,0.937888198757764,0.6551724137931034,0.05790873746674852,0.5240740740740741,-0.6472273378350728,0.0,True,True,True
ESM-2 RBF-SVM,ESM-2,RBF-SVM,0.47,181,20,161,0.11049723756906077,151,10,1,19,29,0.95,0.937888198757764,0.6551724137931034,0.055978317523193995,0.5066037735849057,-0.6783070989263005,0.0,True,True,True
ESM-2 RBF-SVM,ESM-2,RBF-SVM,0.48,181,20,161,0.11049723756906077,151,10,1,19,29,0.95,0.937888198757764,0.6551724137931034,0.05397365065873353,0.4884615384615385,-0.7105822354441138,0.0,True,True,True
ESM-2 RBF-SVM,ESM-2,RBF-SVM,0.49,181,20,161,0.11049723756906077,151,10,1,19,29,0.95,0.937888198757764,0.6551724137931034,0.05189036940743148,0.46960784313725495,-0.7441230635900768,0.0,True,True,True
ESM-2 RBF-SVM,ESM-2,RBF-SVM,0.5,181,20,161,0.11049723756906077,151,10,2,18,28,0.9,0.937888198757764,0.6428571428571429,0.04419889502762431,0.4,-0.7790055248618786,0.0,True,True,True
ESM-2 Random Forest,ESM-2,Random Forest,0.05,181,20,161,0.11049723756906077,126,35,0,20,55,1.0,0.782608695652174,0.36363636363636365,0.10031986042454201,0.9078947368421052,0.0636813027042745,0.0,True,True,True
ESM-2 Random Forest,ESM-2,Random Forest,0.06,181,20,161,0.11049723756906077,128,33,0,20,53,1.0,0.7950310559006211,0.37735849056603776,0.09885976254848948,0.8946808510638299,0.05372046549900082,0.0,True,True,True
ESM-2 Random Forest,ESM-2,Random Forest,0.07,181,20,161,0.11049723756906077,133,28,0,20,48,1.0,0.8260869565217391,0.4166666666666667,0.09885344264242855,0.8946236559139784,0.04354541674092553,0.0,True,True,True
ESM-2 Random Forest,ESM-2,Random Forest,0.08,181,20,161,0.11049723756906077,135,26,0,20,46,1.0,0.8385093167701864,0.43478260869565216,0.09800624549603651,0.8869565217391304,0.03314917127071823,0.0,True,True,True
ESM-2 Random Forest,ESM-2,Random Forest,0.09,181,20,161,0.11049723756906077,136,25,0,20,45,1.0,0.84472049689441,0.4444444444444444,0.0968368647926659,0.8763736263736265,0.022524436889077765,0.0,True,True,True
ESM-2 Random Forest,ESM-2,Random Forest,0.1,181,20,161,0.11049723756906077,137,24,0,20,44,1.0,0.8509316770186336,0.45454545454545453,0.09576427255985266,0.8666666666666666,0.011663597298956399,0.0,True,True,True
ESM-2 Random Forest,ESM-2,Random Forest,0.11,181,20,161,0.11049723756906077,139,22,0,20,42,1.0,0.8633540372670807,0.47619047619047616,0.09547457942764914,0.8640449438202248,0.0005586938978210804,0.0,True,True,True
ESM-2 Random Forest,ESM-2,Random Forest,0.12,181,20,161,0.11049723756906077,142,19,0,20,39,1.0,0.8819875776397516,0.5128205128205128,0.09618282270215972,0.8704545454545455,-0.010798593671521847,0.0,True,True,True
ESM-2 Random Forest,ESM-2,Random Forest,0.13,181,20,161,0.11049723756906077,142,19,0,20,39,1.0,0.8819875776397516,0.5128205128205128,0.09481171016701594,0.8580459770114942,-0.022416968311424423,0.0,True,True,True
ESM-2 Random Forest,ESM-2,Random Forest,0.14,181,20,161,0.11049723756906077,142,19,0,20,39,1.0,0.8819875776397516,0.5128205128205128,0.09340871129384556,0.8453488372093024,-0.03430553771039446,0.0,True,True,True
ESM-2 Random Forest,ESM-2,Random Forest,0.15,181,20,161,0.11049723756906077,142,19,0,20,39,1.0,0.8819875776397516,0.5128205128205128,0.09197270068248294,0.8323529411764706,-0.04647383815404618,0.0,True,True,True
ESM-2 Random Forest,ESM-2,Random Forest,0.16,181,20,161,0.11049723756906077,142,19,0,20,39,1.0,0.8819875776397516,0.5128205128205128,0.09050249934227834,0.819047619047619,-0.058931860036832456,0.0,True,True,True
ESM-2 Random Forest,ESM-2,Random Forest,0.17,181,20,161,0.11049723756906077,142,19,0,20,39,1.0,0.8819875776397516,0.5128205128205128,0.08899687146375557,0.8054216867469879,-0.07169007521799911,0.0,True,True,True
ESM-2 Random Forest,ESM-2,Random Forest,0.18,181,20,161,0.11049723756906077,142,19,0,20,39,1.0,0.8819875776397516,0.5128205128205128,0.08745452095404932,0.7914634146341464,-0.08475946637919418,0.0,True,True,True
ESM-2 Random Forest,ESM-2,Random Forest,0.19,181,20,161,0.11049723756906077,142,19,0,20,39,1.0,0.8819875776397516,0.5128205128205128,0.08587408771570834,0.7771604938271606,-0.09815155855671509,0.0,True,True,True
ESM-2 Random Forest,ESM-2,Random Forest,0.2,181,20,161,0.11049723756906077,143,18,0,20,38,1.0,0.8881987577639752,0.5263157894736842,0.0856353591160221,0.775,-0.11187845303867405,0.0,True,True,True
ESM-2 Random Forest,ESM-2,Random Forest,0.21,181,20,161,0.11049723756906077,145,16,0,20,36,1.0,0.9006211180124224,0.5555555555555556,0.08699909084551367,0.7873417721518988,-0.12595286383663193,0.0,True,True,True
ESM-2 Random Forest,ESM-2,Random Forest,0.22,181,20,161,0.11049723756906077,145,16,0,20,36,1.0,0.9006211180124224,0.5555555555555556,0.08556452755347782,0.7743589743589743,-0.1403881569627426,0.0,True,True,True
ESM-2 Random Forest,ESM-2,Random Forest,0.23,181,20,161,0.11049723756906077,145,16,0,20,36,1.0,0.9006211180124224,0.5555555555555556,0.08409270287723326,0.7610389610389611,-0.15519839276745356,0.0,True,True,True
ESM-2 Random Forest,ESM-2,Random Forest,0.24,181,20,161,0.11049723756906077,145,16,0,20,36,1.0,0.9006211180124224,0.5555555555555556,0.08258214597266647,0.7473684210526316,-0.17039837161965687,0.0,True,True,True
ESM-2 Random Forest,ESM-2,Random Forest,0.25,181,20,161,0.11049723756906077,145,16,0,20,36,1.0,0.9006211180124224,0.5555555555555556,0.08103130755064457,0.7333333333333334,-0.18600368324125233,0.0,True,True,True
ESM-2 Random Forest,ESM-2,Random Forest,0.26,181,20,161,0.11049723756906077,145,16,0,20,36,1.0,0.9006211180124224,0.5555555555555556,0.07943855457667612,0.7189189189189189,-0.2020307600418098,0.0,True,True,True
ESM-2 Random Forest,ESM-2,Random Forest,0.27,181,20,161,0.11049723756906077,146,15,0,20,35,1.0,0.906832298136646,0.5714285714285714,0.07984560659956103,0.7226027397260273,-0.21849693483690313,0.0,True,True,True
ESM-2 Random Forest,ESM-2,Random Forest,0.28,181,20,161,0.11049723756906077,146,15,0,20,35,1.0,0.906832298136646,0.5714285714285714,0.07826887661141804,0.7083333333333333,-0.23542050337630455,0.0,True,True,True
ESM-2 Random Forest,ESM-2,Random Forest,0.29,181,20,161,0.11049723756906077,146,15,0,20,35,1.0,0.906832298136646,0.5714285714285714,0.07664773169403158,0.6936619718309858,-0.25282079215625247,0.0,True,True,True
ESM-2 Random Forest,ESM-2,Random Forest,0.3,181,20,161,0.11049723756906077,146,15,0,20,35,1.0,0.906832298136646,0.5714285714285714,0.07498026835043409,0.6785714285714285,-0.270718232044199,0.0,True,True,True
ESM-2 Random Forest,ESM-2,Random Forest,0.31,181,20,161,0.11049723756906077,146,15,0,20,35,1.0,0.906832298136646,0.5714285714285714,0.07326447273600768,0.6630434782608695,-0.2891344383057091,0.0,True,True,True
ESM-2 Random Forest,ESM-2,Random Forest,0.32,181,20,161,0.11049723756906077,146,15,0,20,35,1.0,0.906832298136646,0.5714285714285714,0.07149821254468638,0.6470588235294118,-0.30809229769255775,0.0,True,True,True
ESM-2 Random Forest,ESM-2,Random Forest,0.33,181,20,161,0.11049723756906077,146,15,0,20,35,1.0,0.906832298136646,0.5714285714285714,0.06967922816854952,0.6305970149253731,-0.3276160633297602,0.0,True,True,True
ESM-2 Random Forest,ESM-2,Random Forest,0.34,181,20,161,0.11049723756906077,146,15,0,20,35,1.0,0.906832298136646,0.5714285714285714,0.06780512305374183,0.6136363636363635,-0.34773145822869594,0.0,True,True,True
ESM-2 Random Forest,ESM-2,Random Forest,0.35,181,20,161,0.11049723756906077,146,15,0,20,35,1.0,0.906832298136646,0.5714285714285714,0.06587335316617085,0.5961538461538463,-0.36846578835529115,0.0,True,True,True
ESM-2 Random Forest,ESM-2,Random Forest,0.36,181,20,161,0.11049723756906077,146,15,0,20,35,1.0,0.906832298136646,0.5714285714285714,0.06388121546961326,0.578125,-0.3898480662983426,0.0,True,True,True
ESM-2 Random Forest,ESM-2,Random Forest,0.37,181,20,161,0.11049723756906077,146,15,1,19,34,0.95,0.906832298136646,0.5588235294117647,0.05630097342804525,0.5095238095238095,-0.41190914671577666,0.0,True,True,True
ESM-2 Random Forest,ESM-2,Random Forest,0.38,181,20,161,0.11049723756906077,146,15,1,19,34,0.95,0.906832298136646,0.5588235294117647,0.05417929067902334,0.49032258064516127,-0.4346818748886117,0.0,True,True,True
ESM-2 Random Forest,ESM-2,Random Forest,0.39,181,20,161,0.11049723756906077,146,15,1,19,34,0.95,0.906832298136646,0.5588235294117647,0.05198804456118104,0.47049180327868845,-0.45820124988678573,0.0,True,True,True
ESM-2 Random Forest,ESM-2,Random Forest,0.4,181,20,161,0.11049723756906077,146,15,1,19,34,0.95,0.906832298136646,0.5588235294117647,0.04972375690607734,0.44999999999999996,-0.48250460405156553,0.0,True,True,True
ESM-2 Random Forest,ESM-2,Random Forest,0.41,181,20,161,0.11049723756906077,146,15,1,19,34,0.95,0.906832298136646,0.5588235294117647,0.04738271373724133,0.4288135593220341,-0.5076318007304053,0.0,True,True,True
ESM-2 Random Forest,ESM-2,Random Forest,0.42,181,20,161,0.11049723756906077,146,15,1,19,34,0.95,0.906832298136646,0.5588235294117647,0.0449609449418937,0.40689655172413797,-0.5336254524671364,0.0,True,True,True
ESM-2 Random Forest,ESM-2,Random Forest,0.43,181,20,161,0.11049723756906077,148,13,1,19,32,0.95,0.9192546583850931,0.59375,0.05078995832121741,0.4596491228070176,-0.5605311621595426,0.0,True,True,True
ESM-2 Random Forest,ESM-2,Random Forest,0.44,181,20,161,0.11049723756906077,149,12,1,19,31,0.95,0.9254658385093167,0.6129032258064516,0.05288082083662194,0.4785714285714286,-0.5883977900552486,0.0,True,True,True
ESM-2 Random Forest,ESM-2,Random Forest,0.45,181,20,161,0.11049723756906077,149,12,1,19,31,0.95,0.9254658385093167,0.6129032258064516,0.050728277247614265,0.4590909090909091,-0.6172777498744351,0.0,True,True,True
ESM-2 Random Forest,ESM-2,Random Forest,0.46,181,20,161,0.11049723756906077,149,12,1,19,31,0.95,0.9254658385093167,0.6129032258064516,0.04849600982197667,0.43888888888888883,-0.6472273378350728,0.0,True,True,True
ESM-2 Random Forest,ESM-2,Random Forest,0.47,181,20,161,0.11049723756906077,149,12,1,19,31,0.95,0.9254658385093167,0.6129032258064516,0.04617950588971125,0.41792452830188687,-0.6783070989263005,0.0,True,True,True
ESM-2 Random Forest,ESM-2,Random Forest,0.48,181,20,161,0.11049723756906077,149,12,1,19,31,0.95,0.9254658385093167,0.6129032258064516,0.04377390565235869,0.39615384615384613,-0.7105822354441138,0.0,True,True,True
ESM-2 Random Forest,ESM-2,Random Forest,0.49,181,20,161,0.11049723756906077,149,12,1,19,31,0.95,0.9254658385093167,0.6129032258064516,0.04127396815079623,0.3735294117647059,-0.7441230635900768,0.0,True,True,True
ESM-2 Random Forest,ESM-2,Random Forest,0.5,181,20,161,0.11049723756906077,149,12,1,19,31,0.95,0.9254658385093167,0.6129032258064516,0.03867403314917127,0.35,-0.7790055248618786,0.0,True,True,True
ESM-2 XGBoost,ESM-2,XGBoost,0.05,181,20,161,0.11049723756906077,149,12,0,20,32,1.0,0.9254658385093167,0.625,0.10700785111951149,0.968421052631579,0.0636813027042745,0.0,True,True,True
ESM-2 XGBoost,ESM-2,XGBoost,0.06,181,20,161,0.11049723756906077,149,12,0,20,32,1.0,0.9254658385093167,0.625,0.1062654284706712,0.9617021276595744,0.05372046549900082,0.0,True,True,True
ESM-2 XGBoost,ESM-2,XGBoost,0.07,181,20,161,0.11049723756906077,149,12,1,19,31,0.95,0.9254658385093167,0.6129032258064516,0.0999821778649082,0.9048387096774193,0.04354541674092553,0.0,True,True,True
ESM-2 XGBoost,ESM-2,XGBoost,0.08,181,20,161,0.11049723756906077,149,12,1,19,31,0.95,0.9254658385093167,0.6129032258064516,0.099207302426135,0.8978260869565218,0.03314917127071823,0.0,True,True,True
ESM-2 XGBoost,ESM-2,XGBoost,0.09,181,20,161,0.11049723756906077,149,12,1,19,31,0.95,0.9254658385093167,0.6129032258064516,0.09841539675793819,0.8906593406593406,0.022524436889077765,0.0,True,True,True
ESM-2 XGBoost,ESM-2,XGBoost,0.1,181,20,161,0.11049723756906077,149,12,1,19,31,0.95,0.9254658385093167,0.6129032258064516,0.09760589318600368,0.8833333333333334,0.011663597298956399,0.0,True,True,True
ESM-2 XGBoost,ESM-2,XGBoost,0.11,181,20,161,0.11049723756906077,150,11,1,19,30,0.95,0.9316770186335404,0.6333333333333333,0.09746104661990192,0.8820224719101124,0.0005586938978210804,0.0,True,True,True
ESM-2 XGBoost,ESM-2,XGBoost,0.12,181,20,161,0.11049723756906077,150,11,1,19,30,0.95,0.9316770186335404,0.6333333333333333,0.09668508287292818,0.8750000000000001,-0.010798593671521847,0.0,True,True,True
ESM-2 XGBoost,ESM-2,XGBoost,0.13,181,20,161,0.11049723756906077,152,9,1,19,28,0.95,0.9440993788819876,0.6785714285714286,0.09754238902648123,0.8827586206896552,-0.022416968311424423,0.0,True,True,True
ESM-2 XGBoost,ESM-2,XGBoost,0.14,181,20,161,0.11049723756906077,152,9,1,19,28,0.95,0.9440993788819876,0.6785714285714286,0.0968778106128742,0.8767441860465116,-0.03430553771039446,0.0,True,True,True
ESM-2 XGBoost,ESM-2,XGBoost,0.15,181,20,161,0.11049723756906077,152,9,2,18,27,0.9,0.9440993788819876,0.6666666666666666,0.09067273318167045,0.8205882352941176,-0.04647383815404618,0.0,True,True,True
ESM-2 XGBoost,ESM-2,XGBoost,0.16,181,20,161,0.11049723756906077,152,9,2,18,27,0.9,0.9440993788819876,0.6666666666666666,0.08997632202052092,0.8142857142857143,-0.058931860036832456,0.0,True,True,True
ESM-2 XGBoost,ESM-2,XGBoost,0.17,181,20,161,0.11049723756906077,152,9,2,18,27,0.9,0.9440993788819876,0.6666666666666666,0.08926312986753644,0.8078313253012048,-0.07169007521799911,0.0,True,True,True
ESM-2 XGBoost,ESM-2,XGBoost,0.18,181,20,161,0.11049723756906077,152,9,2,18,27,0.9,0.9440993788819876,0.6666666666666666,0.08853254278399138,0.801219512195122,-0.08475946637919418,0.0,True,True,True
ESM-2 XGBoost,ESM-2,XGBoost,0.19,181,20,161,0.11049723756906077,152,9,2,18,27,0.9,0.9440993788819876,0.6666666666666666,0.08778391651319828,0.7944444444444445,-0.09815155855671509,0.0,True,True,True
ESM-2 XGBoost,ESM-2,XGBoost,0.2,181,20,161,0.11049723756906077,152,9,2,18,27,0.9,0.9440993788819876,0.6666666666666666,0.08701657458563536,0.7875,-0.11187845303867405,0.0,True,True,True
ESM-2 XGBoost,ESM-2,XGBoost,0.21,181,20,161,0.11049723756906077,152,9,2,18,27,0.9,0.9440993788819876,0.6666666666666666,0.08622980628015944,0.780379746835443,-0.12595286383663193,0.0,True,True,True
ESM-2 XGBoost,ESM-2,XGBoost,0.22,181,20,161,0.11049723756906077,152,9,2,18,27,0.9,0.9440993788819876,0.6666666666666666,0.08542286442838928,0.773076923076923,-0.1403881569627426,0.0,True,True,True
ESM-2 XGBoost,ESM-2,XGBoost,0.23,181,20,161,0.11049723756906077,152,9,2,18,27,0.9,0.9440993788819876,0.6666666666666666,0.08459496304800172,0.7655844155844156,-0.15519839276745356,0.0,True,True,True
ESM-2 XGBoost,ESM-2,XGBoost,0.24,181,20,161,0.11049723756906077,153,8,2,18,26,0.9,0.9503105590062112,0.6923076923076923,0.08548996801395754,0.7736842105263158,-0.17039837161965687,0.0,True,True,True
ESM-2 XGBoost,ESM-2,XGBoost,0.25,181,20,161,0.11049723756906077,153,8,2,18,26,0.9,0.9503105590062112,0.6923076923076923,0.08471454880294658,0.7666666666666666,-0.18600368324125233,0.0,True,True,True
ESM-2 XGBoost,ESM-2,XGBoost,0.26,181,20,161,0.11049723756906077,153,8,2,18,26,0.9,0.9503105590062112,0.6923076923076923,0.08391817231596237,0.7594594594594595,-0.2020307600418098,0.0,True,True,True
ESM-2 XGBoost,ESM-2,XGBoost,0.27,181,20,161,0.11049723756906077,154,7,2,18,25,0.9,0.9565217391304348,0.72,0.08514341935972149,0.7705479452054795,-0.21849693483690313,0.0,True,True,True
ESM-2 XGBoost,ESM-2,XGBoost,0.28,181,20,161,0.11049723756906077,155,6,2,18,24,0.9,0.9627329192546584,0.75,0.0865561694290976,0.7833333333333333,-0.23542050337630455,0.0,True,True,True
ESM-2 XGBoost,ESM-2,XGBoost,0.29,181,20,161,0.11049723756906077,155,6,2,18,24,0.9,0.9627329192546584,0.75,0.08590771146214302,0.7774647887323943,-0.25282079215625247,0.0,True,True,True
ESM-2 XGBoost,ESM-2,XGBoost,0.3,181,20,161,0.11049723756906077,155,6,2,18,24,0.9,0.9627329192546584,0.75,0.08524072612470401,0.7714285714285714,-0.270718232044199,0.0,True,True,True
ESM-2 XGBoost,ESM-2,XGBoost,0.31,181,20,161,0.11049723756906077,155,6,2,18,24,0.9,0.9627329192546584,0.75,0.08455440787893345,0.7652173913043477,-0.2891344383057091,0.0,True,True,True
ESM-2 XGBoost,ESM-2,XGBoost,0.32,181,20,161,0.11049723756906077,155,6,2,18,24,0.9,0.9627329192546584,0.75,0.08384790380240494,0.7588235294117647,-0.30809229769255775,0.0,True,True,True
ESM-2 XGBoost,ESM-2,XGBoost,0.33,181,20,161,0.11049723756906077,155,6,2,18,24,0.9,0.9627329192546584,0.75,0.08312031005195018,0.7522388059701491,-0.3276160633297602,0.0,True,True,True
ESM-2 XGBoost,ESM-2,XGBoost,0.34,181,20,161,0.11049723756906077,155,6,2,18,24,0.9,0.9627329192546584,0.75,0.08237066800602712,0.7454545454545455,-0.34773145822869594,0.0,True,True,True
ESM-2 XGBoost,ESM-2,XGBoost,0.35,181,20,161,0.11049723756906077,155,6,2,18,24,0.9,0.9627329192546584,0.75,0.08159796005099873,0.7384615384615385,-0.36846578835529115,0.0,True,True,True
ESM-2 XGBoost,ESM-2,XGBoost,0.36,181,20,161,0.11049723756906077,155,6,2,18,24,0.9,0.9627329192546584,0.75,0.08080110497237569,0.7312500000000001,-0.3898480662983426,0.0,True,True,True
ESM-2 XGBoost,ESM-2,XGBoost,0.37,181,20,161,0.11049723756906077,155,6,2,18,24,0.9,0.9627329192546584,0.75,0.0799789529071297,0.7238095238095238,-0.41190914671577666,0.0,True,True,True
ESM-2 XGBoost,ESM-2,XGBoost,0.38,181,20,161,0.11049723756906077,155,6,2,18,24,0.9,0.9627329192546584,0.75,0.07913027980752094,0.7161290322580645,-0.4346818748886117,0.0,True,True,True
ESM-2 XGBoost,ESM-2,XGBoost,0.39,181,20,161,0.11049723756906077,156,5,2,18,23,0.9,0.968944099378882,0.782608695652174,0.0817860701023458,0.7401639344262295,-0.45820124988678573,0.0,True,True,True
ESM-2 XGBoost,ESM-2,XGBoost,0.4,181,20,161,0.11049723756906077,156,5,2,18,23,0.9,0.968944099378882,0.782608695652174,0.08103130755064455,0.7333333333333333,-0.48250460405156553,0.0,True,True,True
ESM-2 XGBoost,ESM-2,XGBoost,0.41,181,20,161,0.11049723756906077,156,5,2,18,23,0.9,0.968944099378882,0.782608695652174,0.08025095982769923,0.726271186440678,-0.5076318007304053,0.0,True,True,True
ESM-2 XGBoost,ESM-2,XGBoost,0.42,181,20,161,0.11049723756906077,156,5,2,18,23,0.9,0.968944099378882,0.782608695652174,0.07944370356258335,0.7189655172413794,-0.5336254524671364,0.0,True,True,True
ESM-2 XGBoost,ESM-2,XGBoost,0.43,181,20,161,0.11049723756906077,156,5,2,18,23,0.9,0.968944099378882,0.782608695652174,0.07860812251623533,0.7114035087719298,-0.5605311621595426,0.0,True,True,True
ESM-2 XGBoost,ESM-2,XGBoost,0.44,181,20,161,0.11049723756906077,156,5,2,18,23,0.9,0.968944099378882,0.782608695652174,0.07774269928966061,0.7035714285714286,-0.5883977900552486,0.0,True,True,True
ESM-2 XGBoost,ESM-2,XGBoost,0.45,181,20,161,0.11049723756906077,156,5,2,18,23,0.9,0.968944099378882,0.782608695652174,0.07684580612757408,0.6954545454545454,-0.6172777498744351,0.0,True,True,True
ESM-2 XGBoost,ESM-2,XGBoost,0.46,181,20,161,0.11049723756906077,156,5,2,18,23,0.9,0.968944099378882,0.782608695652174,0.07591569470022508,0.687037037037037,-0.6472273378350728,0.0,True,True,True
ESM-2 XGBoost,ESM-2,XGBoost,0.47,181,20,161,0.11049723756906077,156,5,2,18,23,0.9,0.968944099378882,0.782608695652174,0.07495048472844783,0.6783018867924528,-0.6783070989263005,0.0,True,True,True
ESM-2 XGBoost,ESM-2,XGBoost,0.48,181,20,161,0.11049723756906077,156,5,2,18,23,0.9,0.968944099378882,0.782608695652174,0.0739481512962176,0.6692307692307693,-0.7105822354441138,0.0,True,True,True
ESM-2 XGBoost,ESM-2,XGBoost,0.49,181,20,161,0.11049723756906077,156,5,2,18,23,0.9,0.968944099378882,0.782608695652174,0.07290651067056657,0.6598039215686274,-0.7441230635900768,0.0,True,True,True
ESM-2 XGBoost,ESM-2,XGBoost,0.5,181,20,161,0.11049723756906077,156,5,2,18,23,0.9,0.968944099378882,0.782608695652174,0.0718232044198895,0.65,-0.7790055248618786,0.0,True,True,True
