rank,ID,sequence,true_class,y_true,total_wrong_count,difficulty_category,analysis_group,same_class_candidate_count,opposite_class_candidate_count,sequence_nearest_same_ID,sequence_nearest_same_sequence,sequence_nearest_same_similarity,sequence_nearest_same_tie_count,sequence_nearest_opposite_ID,sequence_nearest_opposite_sequence,sequence_nearest_opposite_similarity,sequence_nearest_opposite_tie_count,sequence_opposite_class_proximity_margin,esm2_nearest_same_ID,esm2_nearest_same_sequence,esm2_nearest_same_similarity,esm2_nearest_same_tie_count,esm2_nearest_opposite_ID,esm2_nearest_opposite_sequence,esm2_nearest_opposite_similarity,esm2_nearest_opposite_tie_count,esm2_opposite_class_proximity_margin,neighborhood_pattern
1,48,FAKLLFKALKKAL,Inactive,0,8,Consensus hard error,Hard cases (>=3/8 wrong),160,20,33,FAKLLAKALKKL,0.8461538461538461,1,30,FAKLLAKALKKAL,0.9230769230769231,1,0.07692307692307698,33,FAKLLAKALKKL,0.9954830725991224,1,30,FAKLLAKALKKAL,0.9972082738402938,1,0.0017252012411713702,Both favor opposite class
2,40,FAKLLAKLAKKFAL,Inactive,0,8,Consensus hard error,Hard cases (>=3/8 wrong),160,20,38,FAKLLAKLAKKAA,0.8571428571428572,2,46,FAKLLAKLAKKVL,0.8571428571428572,1,0.0,37,FAKLLAKLAKAKL,0.994972930296495,1,30,FAKLLAKALKKAL,0.9931173781839756,1,-0.0018555521125194208,At least one tied neighborhood
3,145,MPKWKVFKKIEKVGRNIRNGIVKAGPAIAVLGEAKALG,Inactive,0,8,Consensus hard error,Hard cases (>=3/8 wrong),160,20,881,VQEVNRFIKAFEEMKALMKSL,0.2894736842105263,1,128,KWKLFKKIGIGKFLHLAKKF,0.368421052631579,1,0.07894736842105265,894,YKEPLKAVVKKLLEKE,0.9702400408046055,1,50,FAKLWAKLAFGKGIGKVGKKLL,0.9712979483661651,1,0.0010579075615596567,Both favor opposite class
4,56,FALALKALKKALKKLKKALKKAL,Inactive,0,8,Consensus hard error,Hard cases (>=3/8 wrong),160,20,48,FAKLLFKALKKAL,0.5217391304347826,2,61,FALALKKALKALKKAL,0.6956521739130435,1,0.17391304347826086,142,KYKKALKKLAKLL,0.9404632902206771,1,12,FAKKLAKKLKKLAKKLAKKWKL,0.983616921220017,1,0.04315363099933989,Both favor opposite class
5,68,FKRLAKIKVLRLAKIKR,Active,1,8,Consensus hard error,Hard cases (>=3/8 wrong),19,161,12,FAKKLAKKLKKLAKKLAKKWKL,0.5,1,37,FAKLLAKLAKAKL,0.47058823529411764,3,-0.02941176470588236,12,FAKKLAKKLKKLAKKLAKKWKL,0.962891954967293,1,735,SKYRLTVVVAKRAQQLLRH,0.95890531497858,1,-0.003986639988712959,Both favor same class
6,388,GLGLVLKIAVNAFLKLVA,Inactive,0,6,Cross-representation difficult,Hard cases (>=3/8 wrong),160,20,513,LVLPIAQALKVLG,0.4444444444444444,1,61,FALALKKALKALKKAL,0.38888888888888884,3,-0.05555555555555558,48,FAKLLFKALKKAL,0.9809274291637646,1,91,GLFAVIKKVAAVIRRL,0.9808564915884546,1,-7.09375753100705e-05,Both favor same class
7,67,FKLAFKLAKKAFL,Inactive,0,6,Cross-representation difficult,Hard cases (>=3/8 wrong),160,20,40,FAKLLAKLAKKFAL,0.6428571428571428,1,46,FAKLLAKLAKKVL,0.6153846153846154,1,-0.027472527472527375,55,FALALKALKKAL,0.9888196922070407,1,30,FAKLLAKALKKAL,0.9822785685596298,1,-0.006541123647410885,Both favor same class
8,149,VAKLLAKLAKKVL,Inactive,0,6,Cross-representation difficult,Hard cases (>=3/8 wrong),160,20,43,FAKLLAKLAKKL,0.8461538461538461,1,46,FAKLLAKLAKKVL,0.9230769230769231,1,0.07692307692307698,48,FAKLLFKALKKAL,0.9933335256317595,1,46,FAKLLAKLAKKVL,0.9984024551081191,1,0.005068929476359618,Both favor opposite class
9,33,FAKLLAKALKKL,Inactive,0,5,Mixed difficulty,Hard cases (>=3/8 wrong),160,20,48,FAKLLFKALKKAL,0.8461538461538461,1,30,FAKLLAKALKKAL,0.9230769230769231,1,0.07692307692307698,43,FAKLLAKLAKKL,0.9988916761502904,1,30,FAKLLAKALKKAL,0.9969594535627206,1,-0.001932222587569754,Sequence opposite; ESM same
10,47,FAKLLAKLAKLKL,Inactive,0,5,Mixed difficulty,Hard cases (>=3/8 wrong),160,20,37,FAKLLAKLAKAKL,0.9230769230769231,2,46,FAKLLAKLAKKVL,0.8461538461538461,1,-0.07692307692307698,37,FAKLLAKLAKAKL,0.9952725271386769,1,61,FALALKKALKALKKAL,0.9881037330353842,1,-0.0071687941032926306,Both favor same class
11,43,FAKLLAKLAKKL,Inactive,0,4,Mixed difficulty,Hard cases (>=3/8 wrong),160,20,37,FAKLLAKLAKAKL,0.9230769230769231,2,46,FAKLLAKLAKKVL,0.9230769230769231,1,0.0,33,FAKLLAKALKKL,0.9988916761502904,1,30,FAKLLAKALKKAL,0.9960839953626488,1,-0.0028076807876415977,At least one tied neighborhood
12,392,GLWAIAVKAGKVILKLIVFIWIRV,Inactive,0,3,Mixed difficulty,Hard cases (>=3/8 wrong),160,20,359,GAQYIQAAGVALGLKMR,0.33333333333333337,1,91,GLFAVIKKVAAVIRRL,0.375,1,0.04166666666666663,288,EDKEAVFDVVDTLTAVLQVATGVISTL,0.9665355014468444,1,139,KWKSFLKTFKSLKKTVLHTALKAISS,0.9726434348265488,1,0.006107933379704389,Both favor opposite class
13,91,GLFAVIKKVAAVIRRL,Active,1,3,Traditional-specific difficulty,Hard cases (>=3/8 wrong),19,161,90,GLFAVIKKVAAVIKKL,0.875,1,235,DLRELIARVRALIRRKS,0.4117647058823529,1,-0.4632352941176471,90,GLFAVIKKVAAVIKKL,0.9942935955028773,1,388,GLGLVLKIAVNAFLKLVA,0.9808564915884546,1,-0.013437103914422766,Both favor same class
14,55,FALALKALKKAL,Inactive,0,3,Mixed difficulty,Hard cases (>=3/8 wrong),160,20,48,FAKLLFKALKKAL,0.7692307692307692,1,30,FAKLLAKALKKAL,0.7692307692307692,1,0.0,33,FAKLLAKALKKL,0.9956365114420195,1,30,FAKLLAKALKKAL,0.9939989393619237,1,-0.0016375720800957394,At least one tied neighborhood
15,142,KYKKALKKLAKLL,Inactive,0,3,Mixed difficulty,Hard cases (>=3/8 wrong),160,20,43,FAKLLAKLAKKL,0.5384615384615384,2,21,FAKKLAKLAKKLAKLAL,0.6470588235294117,2,0.10859728506787325,47,FAKLLAKLAKLKL,0.979910556373943,1,147,VAKKLAKLAKKLAKLAL,0.9780881631691418,1,-0.0018223932048011537,Sequence opposite; ESM same
