model_order,model,representation,classifier,subset_order,subset,subset_label,n,active,inactive,active_prevalence,full_test_AUROC,AUROC,delta_AUROC,full_test_AUPRC,AUPRC,delta_AUPRC,full_test_MCC,MCC,delta_MCC,full_test_Accuracy,Accuracy,delta_Accuracy,full_test_Precision,Precision,delta_Precision,full_test_Recall,Recall,delta_Recall,full_test_Specificity,Specificity,delta_Specificity,full_test_F1,F1,delta_F1
0,Traditional Logistic Regression,Traditional,Logistic Regression,0,all_test,All test,181,20,161,0.11049723756906077,0.9667701863354037,0.9667701863354037,0.0,0.7481014082078992,0.7481014082078992,0.0,0.6404496029129428,0.6404496029129428,0.0,0.8895027624309392,0.8895027624309392,0.0,0.5,0.5,0.0,0.95,0.95,0.0,0.8819875776397516,0.8819875776397516,0.0,0.6551724137931034,0.6551724137931034,0.0
0,Traditional Logistic Regression,Traditional,Logistic Regression,1,novel_lt_0_95,Similarity < 0.95,176,17,159,0.09659090909090909,0.9667701863354037,0.9733629300776915,0.006592743742287799,0.7481014082078992,0.8015004219156469,0.05339901370774769,0.6404496029129428,0.6313912146312043,-0.00905838828173855,0.8895027624309392,0.8977272727272727,0.008224510296333531,0.5,0.48484848484848486,-0.015151515151515138,0.95,0.9411764705882353,-0.008823529411764675,0.8819875776397516,0.8930817610062893,0.01109418336653778,0.6551724137931034,0.64,-0.015172413793103412
0,Traditional Logistic Regression,Traditional,Logistic Regression,2,novel_lt_0_90,Similarity < 0.90,164,11,153,0.06707317073170732,0.9667701863354037,0.9827688651218063,0.015998678786402598,0.7481014082078992,0.8315157065157066,0.08341429830780744,0.6404496029129428,0.6267455643526095,-0.01370403856033331,0.8895027624309392,0.926829268292683,0.0373265058617438,0.5,0.47619047619047616,-0.023809523809523836,0.95,0.9090909090909091,-0.040909090909090895,0.8819875776397516,0.9281045751633987,0.046116997523647174,0.6551724137931034,0.625,-0.030172413793103425
0,Traditional Logistic Regression,Traditional,Logistic Regression,3,novel_lt_0_80,Similarity < 0.80,154,4,150,0.025974025974025976,0.9667701863354037,0.9866666666666667,0.01989648033126301,0.7481014082078992,0.8333333333333333,0.0852319251254341,0.6404496029129428,0.4302652729749464,-0.21018432993799646,0.8895027624309392,0.9415584415584416,0.05205567912750242,0.5,0.2727272727272727,-0.2272727272727273,0.95,0.75,-0.19999999999999996,0.8819875776397516,0.9466666666666667,0.0646790890269151,0.6551724137931034,0.4,-0.2551724137931034
1,Traditional RBF-SVM,Traditional,RBF-SVM,0,all_test,All test,181,20,161,0.11049723756906077,0.9683229813664597,0.9683229813664597,0.0,0.7676879954840483,0.7676879954840483,0.0,0.6776891751317226,0.6776891751317226,0.0,0.9226519337016574,0.9226519337016574,0.0,0.6071428571428571,0.6071428571428571,0.0,0.85,0.85,0.0,0.9316770186335404,0.9316770186335404,0.0,0.7083333333333334,0.7083333333333334,0.0
1,Traditional RBF-SVM,Traditional,RBF-SVM,1,novel_lt_0_95,Similarity < 0.95,176,17,159,0.09659090909090909,0.9683229813664597,0.9711431742508324,0.002820192884372741,0.7676879954840483,0.7716565191648925,0.003968523680844216,0.6776891751317226,0.6721506854042324,-0.005538489727490159,0.9226519337016574,0.9318181818181818,0.009166248116524334,0.6071428571428571,0.6086956521739131,0.0015527950310559868,0.85,0.8235294117647058,-0.026470588235294135,0.9316770186335404,0.9433962264150944,0.011719207781553997,0.7083333333333334,0.7,-0.008333333333333415
1,Traditional RBF-SVM,Traditional,RBF-SVM,2,novel_lt_0_90,Similarity < 0.90,164,11,153,0.06707317073170732,0.9683229813664597,0.9803921568627452,0.0120691754962855,0.7676879954840483,0.7757756132756133,0.008087617791564972,0.6776891751317226,0.6734843872244477,-0.004204787907274854,0.9226519337016574,0.9573170731707317,0.034665139469074235,0.6071428571428571,0.6666666666666666,0.059523809523809534,0.85,0.7272727272727273,-0.12272727272727268,0.9316770186335404,0.9738562091503268,0.042179190516786425,0.7083333333333334,0.6956521739130435,-0.012681159420289911
1,Traditional RBF-SVM,Traditional,RBF-SVM,3,novel_lt_0_80,Similarity < 0.80,154,4,150,0.025974025974025976,0.9683229813664597,0.9783333333333333,0.01001035196687361,0.7676879954840483,0.6770833333333333,-0.09060466215071505,0.6776891751317226,0.5677628664797901,-0.10992630865193243,0.9226519337016574,0.9805194805194806,0.057867546817823134,0.6071428571428571,0.6666666666666666,0.059523809523809534,0.85,0.5,-0.35,0.9316770186335404,0.9933333333333333,0.061656314699792936,0.7083333333333334,0.5714285714285714,-0.13690476190476197
2,Traditional Random Forest,Traditional,Random Forest,0,all_test,All test,181,20,161,0.11049723756906077,0.9652173913043479,0.9652173913043479,0.0,0.6732291747397245,0.6732291747397245,0.0,0.7455702438142119,0.7455702438142119,0.0,0.9447513812154696,0.9447513812154696,0.0,0.7083333333333334,0.7083333333333334,0.0,0.85,0.85,0.0,0.9565217391304348,0.9565217391304348,0.0,0.7727272727272727,0.7727272727272727,0.0
2,Traditional Random Forest,Traditional,Random Forest,1,novel_lt_0_95,Similarity < 0.95,176,17,159,0.09659090909090909,0.9652173913043479,0.9691083980762116,0.0038910067718637142,0.6732291747397245,0.6555254242105453,-0.017703750529179274,0.7455702438142119,0.7539924858003151,0.008422241986103196,0.9447513812154696,0.9545454545454546,0.009794073329984943,0.7083333333333334,0.7368421052631579,0.028508771929824483,0.85,0.8235294117647058,-0.026470588235294135,0.9565217391304348,0.9685534591194969,0.01203171998906205,0.7727272727272727,0.7777777777777778,0.005050505050505083
2,Traditional Random Forest,Traditional,Random Forest,2,novel_lt_0_90,Similarity < 0.90,164,11,153,0.06707317073170732,0.9652173913043479,0.9824717765894236,0.017254385285075724,0.6732291747397245,0.7010377182625986,0.027808543522874096,0.7455702438142119,0.767087302059032,0.021517058244820086,0.9447513812154696,0.9695121951219512,0.02476081390648155,0.7083333333333334,0.75,0.04166666666666663,0.85,0.8181818181818182,-0.031818181818181746,0.9565217391304348,0.9803921568627451,0.023870417732310245,0.7727272727272727,0.782608695652174,0.00988142292490124
2,Traditional Random Forest,Traditional,Random Forest,3,novel_lt_0_80,Similarity < 0.80,154,4,150,0.025974025974025976,0.9652173913043479,0.9891666666666666,0.023949275362318723,0.6732291747397245,0.7152777777777777,0.042048603038053134,0.7455702438142119,0.6611020559729285,-0.0844681878412834,0.9447513812154696,0.9805194805194806,0.035768099304010925,0.7083333333333334,0.6,-0.10833333333333339,0.85,0.75,-0.09999999999999998,0.9565217391304348,0.9866666666666667,0.03014492753623188,0.7727272727272727,0.6666666666666666,-0.10606060606060608
3,Traditional XGBoost,Traditional,XGBoost,0,all_test,All test,181,20,161,0.11049723756906077,0.9779503105590063,0.9779503105590063,0.0,0.7668461218219346,0.7668461218219346,0.0,0.7600689387825204,0.7600689387825204,0.0,0.9447513812154696,0.9447513812154696,0.0,0.6923076923076923,0.6923076923076923,0.0,0.9,0.9,0.0,0.9503105590062112,0.9503105590062112,0.0,0.782608695652174,0.782608695652174,0.0
3,Traditional XGBoost,Traditional,XGBoost,1,novel_lt_0_95,Similarity < 0.95,176,17,159,0.09659090909090909,0.9779503105590063,0.9822419533851277,0.004291642826121378,0.7668461218219346,0.7733467383515424,0.006500616529607872,0.7600689387825204,0.7696750209556958,0.00960608217317549,0.9447513812154696,0.9545454545454546,0.009794073329984943,0.6923076923076923,0.7142857142857143,0.02197802197802201,0.9,0.8823529411764706,-0.01764705882352946,0.9503105590062112,0.9622641509433962,0.011953591937185037,0.782608695652174,0.7894736842105263,0.006864988558352381
3,Traditional XGBoost,Traditional,XGBoost,2,novel_lt_0_90,Similarity < 0.90,164,11,153,0.06707317073170732,0.9779503105590063,0.9863339275103982,0.008383616951391892,0.7668461218219346,0.7518525592055003,-0.014993562616434253,0.7600689387825204,0.7333781078160264,-0.02669083096649394,0.9447513812154696,0.9634146341463414,0.018663252930871788,0.6923076923076923,0.6923076923076923,0.0,0.9,0.8181818181818182,-0.08181818181818179,0.9503105590062112,0.9738562091503268,0.023545650144115582,0.782608695652174,0.75,-0.03260869565217395
3,Traditional XGBoost,Traditional,XGBoost,3,novel_lt_0_80,Similarity < 0.80,154,4,150,0.025974025974025976,0.9779503105590063,0.9916666666666667,0.013716356107660421,0.7668461218219346,0.8611111111111112,0.09426498928917659,0.7600689387825204,0.6000563036645541,-0.16001263511796626,0.9447513812154696,0.974025974025974,0.029274592810504374,0.6923076923076923,0.5,-0.1923076923076923,0.9,0.75,-0.15000000000000002,0.9503105590062112,0.98,0.029689440993788785,0.782608695652174,0.6,-0.18260869565217397
4,ESM-2 Logistic Regression,ESM-2,Logistic Regression,0,all_test,All test,181,20,161,0.11049723756906077,0.977639751552795,0.977639751552795,0.0,0.8820785695785698,0.8820785695785698,0.0,0.7751557946778821,0.7751557946778821,0.0,0.9447513812154696,0.9447513812154696,0.0,0.6785714285714286,0.6785714285714286,0.0,0.95,0.95,0.0,0.9440993788819876,0.9440993788819876,0.0,0.7916666666666666,0.7916666666666666,0.0
4,ESM-2 Logistic Regression,ESM-2,Logistic Regression,1,novel_lt_0_95,Similarity < 0.95,176,17,159,0.09659090909090909,0.977639751552795,0.9781724010358861,0.0005326494830910633,0.8820785695785698,0.8746071165120519,-0.0074714530665178636,0.7751557946778821,0.7862833632924571,0.011127568614574979,0.9447513812154696,0.9545454545454546,0.009794073329984943,0.6785714285714286,0.6956521739130435,0.017080745341614856,0.95,0.9411764705882353,-0.008823529411764675,0.9440993788819876,0.9559748427672956,0.011875463885308024,0.7916666666666666,0.8,0.008333333333333415
4,ESM-2 Logistic Regression,ESM-2,Logistic Regression,2,novel_lt_0_90,Similarity < 0.90,164,11,153,0.06707317073170732,0.977639751552795,0.9768270944741533,-0.0008126570786417542,0.8820785695785698,0.8418816032452396,-0.04019696633333014,0.7751557946778821,0.7605209790145538,-0.014634815663328249,0.9447513812154696,0.9634146341463414,0.018663252930871788,0.6785714285714286,0.6666666666666666,-0.011904761904761973,0.95,0.9090909090909091,-0.040909090909090895,0.9440993788819876,0.9673202614379085,0.02322088255592092,0.7916666666666666,0.7692307692307693,-0.022435897435897356
4,ESM-2 Logistic Regression,ESM-2,Logistic Regression,3,novel_lt_0_80,Similarity < 0.80,154,4,150,0.025974025974025976,0.977639751552795,0.9583333333333334,-0.019306418219461663,0.8820785695785698,0.7844827586206897,-0.09759581095788006,0.7751557946778821,0.6000563036645541,-0.175099491013328,0.9447513812154696,0.974025974025974,0.029274592810504374,0.6785714285714286,0.5,-0.1785714285714286,0.95,0.75,-0.19999999999999996,0.9440993788819876,0.98,0.0359006211180124,0.7916666666666666,0.6,-0.19166666666666665
5,ESM-2 RBF-SVM,ESM-2,RBF-SVM,0,all_test,All test,181,20,161,0.11049723756906077,0.9801242236024845,0.9801242236024845,0.0,0.8476651056175093,0.8476651056175093,0.0,0.7264224849048023,0.7264224849048023,0.0,0.9337016574585635,0.9337016574585635,0.0,0.6428571428571429,0.6428571428571429,0.0,0.9,0.9,0.0,0.937888198757764,0.937888198757764,0.0,0.75,0.75,0.0
5,ESM-2 RBF-SVM,ESM-2,RBF-SVM,1,novel_lt_0_95,Similarity < 0.95,176,17,159,0.09659090909090909,0.9801242236024845,0.9837217906030337,0.00359756700054914,0.8476651056175093,0.870703303689833,0.023038198072323657,0.7264224849048023,0.7292170243483447,0.0027945394435423543,0.9337016574585635,0.9431818181818182,0.009480160723254749,0.6428571428571429,0.6521739130434783,0.009316770186335366,0.9,0.8823529411764706,-0.01764705882352946,0.937888198757764,0.949685534591195,0.01179733583343101,0.75,0.75,0.0
5,ESM-2 RBF-SVM,ESM-2,RBF-SVM,2,novel_lt_0_90,Similarity < 0.90,164,11,153,0.06707317073170732,0.9801242236024845,0.988116458704694,0.007992235102209477,0.8476651056175093,0.8569050832208727,0.00923997760336337,0.7264224849048023,0.767087302059032,0.04066481715422965,0.9337016574585635,0.9695121951219512,0.03581053766338771,0.6428571428571429,0.75,0.1071428571428571,0.9,0.8181818181818182,-0.08181818181818179,0.937888198757764,0.9803921568627451,0.04250395810498109,0.75,0.782608695652174,0.03260869565217395
5,ESM-2 RBF-SVM,ESM-2,RBF-SVM,3,novel_lt_0_80,Similarity < 0.80,154,4,150,0.025974025974025976,0.9801242236024845,0.9883333333333333,0.008209109730848763,0.8476651056175093,0.7152777777777777,-0.13238732783973162,0.7264224849048023,0.7433333333333333,0.016910848428530967,0.9337016574585635,0.987012987012987,0.053311329554423526,0.6428571428571429,0.75,0.1071428571428571,0.9,0.75,-0.15000000000000002,0.937888198757764,0.9933333333333333,0.05544513457556932,0.75,0.75,0.0
6,ESM-2 Random Forest,ESM-2,Random Forest,0,all_test,All test,181,20,161,0.11049723756906077,0.9881987577639751,0.9881987577639751,0.0,0.9220576056509563,0.9220576056509563,0.0,0.7285186322821915,0.7285186322821915,0.0,0.9281767955801105,0.9281767955801105,0.0,0.6129032258064516,0.6129032258064516,0.0,0.95,0.95,0.0,0.9254658385093167,0.9254658385093167,0.0,0.7450980392156863,0.7450980392156863,0.0
6,ESM-2 Random Forest,ESM-2,Random Forest,1,novel_lt_0_95,Similarity < 0.95,176,17,159,0.09659090909090909,0.9881987577639751,0.9881613022567518,-3.745550722333846e-05,0.9220576056509563,0.9061504338252654,-0.015907171825690902,0.7285186322821915,0.73118182611438,0.002663193832188493,0.9281767955801105,0.9375,0.009323204419889541,0.6129032258064516,0.6153846153846154,0.002481389578163795,0.95,0.9411764705882353,-0.008823529411764675,0.9254658385093167,0.9371069182389937,0.011641079729676984,0.7450980392156863,0.7441860465116279,-0.0009119927040583953
6,ESM-2 Random Forest,ESM-2,Random Forest,2,novel_lt_0_90,Similarity < 0.90,164,11,153,0.06707317073170732,0.9881987577639751,0.9898989898989898,0.0017002321350146898,0.9220576056509563,0.8786711958960762,-0.04338640975488006,0.7285186322821915,0.7333447204220874,0.004826088139895934,0.9281767955801105,0.9573170731707317,0.02914027759062121,0.6129032258064516,0.625,0.012096774193548376,0.95,0.9090909090909091,-0.040909090909090895,0.9254658385093167,0.9607843137254902,0.035318475216173484,0.7450980392156863,0.7407407407407407,-0.004357298474945592
6,ESM-2 Random Forest,ESM-2,Random Forest,3,novel_lt_0_80,Similarity < 0.80,154,4,150,0.025974025974025976,0.9881987577639751,0.9883333333333333,0.00013457556935814186,0.9220576056509563,0.7152777777777777,-0.2067798278731786,0.7285186322821915,0.5523398999523438,-0.1761787323298477,0.9281767955801105,0.9675324675324676,0.03935567195235712,0.6129032258064516,0.42857142857142855,-0.18433179723502308,0.95,0.75,-0.19999999999999996,0.9254658385093167,0.9733333333333334,0.04786749482401664,0.7450980392156863,0.5454545454545454,-0.19964349376114088
7,ESM-2 XGBoost,ESM-2,XGBoost,0,all_test,All test,181,20,161,0.11049723756906077,0.9878881987577639,0.9878881987577639,0.0,0.9165844676778183,0.9165844676778183,0.0,0.8179510473202897,0.8179510473202897,0.0,0.9613259668508287,0.9613259668508287,0.0,0.782608695652174,0.782608695652174,0.0,0.9,0.9,0.0,0.968944099378882,0.968944099378882,0.0,0.8372093023255814,0.8372093023255814,0.0
7,ESM-2 XGBoost,ESM-2,XGBoost,1,novel_lt_0_95,Similarity < 0.95,176,17,159,0.09659090909090909,0.9878881987577639,0.9881613022567518,0.0002731034989879033,0.9165844676778183,0.8991436030551421,-0.017440864622676244,0.8179510473202897,0.8418079692677263,0.023856921947436605,0.9613259668508287,0.9715909090909091,0.010264942240080344,0.782608695652174,0.8333333333333334,0.050724637681159424,0.9,0.8823529411764706,-0.01764705882352946,0.968944099378882,0.9811320754716981,0.012187976092816077,0.8372093023255814,0.8571428571428571,0.019933554817275656
7,ESM-2 XGBoost,ESM-2,XGBoost,2,novel_lt_0_90,Similarity < 0.90,164,11,153,0.06707317073170732,0.9878881987577639,0.9934640522875817,0.00557585352981782,0.9165844676778183,0.9128968253968255,-0.003687642280992831,0.8179510473202897,0.8606902168936162,0.042739169573326574,0.9613259668508287,0.9817073170731707,0.020381350222342,0.782608695652174,0.8333333333333334,0.050724637681159424,0.9,0.9090909090909091,0.009090909090909038,0.968944099378882,0.9869281045751634,0.017984005196281405,0.8372093023255814,0.8695652173913043,0.032355915065722884
7,ESM-2 XGBoost,ESM-2,XGBoost,3,novel_lt_0_80,Similarity < 0.80,154,4,150,0.025974025974025976,0.9878881987577639,0.9916666666666667,0.003778467908902794,0.9165844676778183,0.8125,-0.10408446767781832,0.8179510473202897,0.7433333333333333,-0.07461771398695638,0.9613259668508287,0.987012987012987,0.02568702016215829,0.782608695652174,0.75,-0.03260869565217395,0.9,0.75,-0.15000000000000002,0.968944099378882,0.9933333333333333,0.02438923395445125,0.8372093023255814,0.75,-0.08720930232558144
