representation,pca_components,C,gamma,mean_cv_AUROC,sd_cv_AUROC,mean_cv_AUPRC,sd_cv_AUPRC,mean_cv_MCC,sd_cv_MCC,mean_cv_F1,sd_cv_F1,fit_warnings,selected
no_pca,,1.0,scale,0.9842844597868217,0.007714210912340933,0.891236524711597,0.05004439817718995,0.7616712535984649,0.09675293008395622,0.7862024182713838,0.08512260387793687,5,True
pca_274,274.0,1.0,0.001,0.9841925064599483,0.008558143137119853,0.8893635218974177,0.05598850766209334,0.761482229452034,0.09523134383722642,0.7859192753853488,0.08231465900123576,5,False
pca_99,99.0,1.0,0.001,0.9839971939599483,0.008770388778804688,0.8856258036267711,0.060942836542072484,0.761914146167239,0.09241953404437364,0.787200328407225,0.08143058131690982,5,False
no_pca,,1.0,0.001,0.9839686793443153,0.007464531785542191,0.8897449854058163,0.04355082868081561,0.7449742275167389,0.098375517086748,0.7703064095493593,0.0836039016193753,5,False
pca_274,274.0,1.0,scale,0.9836553970849483,0.008889811951250963,0.8833894591095005,0.0612807356264528,0.7602443583861509,0.08637520887730225,0.7860206952636449,0.07635850934352412,5,False
pca_52,52.0,1.0,0.001,0.9833998506136951,0.009710360860159233,0.8759890251002866,0.0714310530434055,0.7778000709716728,0.09817734435851173,0.8009281757668856,0.0858865141367008,5,False
pca_99,99.0,1.0,scale,0.9833998506136951,0.009411113756409219,0.8751566223952059,0.07484825689830969,0.7786603475865876,0.07856233887827674,0.8020282521610795,0.06922230986484411,5,False
pca_24,24.0,1.0,0.001,0.9830035226905686,0.010904630112690085,0.8753959619494264,0.08428412167218029,0.7690157925536052,0.07722165729418401,0.7940221406255562,0.06880184449354952,5,False
pca_24,24.0,1.0,scale,0.9829001635174418,0.010919999235525817,0.8747292952827598,0.08433591877805022,0.7690157925536052,0.07722165729418401,0.7940221406255562,0.06880184449354952,5,False
pca_52,52.0,1.0,scale,0.9827911014211888,0.009997676273185822,0.8685237832343095,0.07765981919569093,0.7795513247950174,0.08529882419199081,0.8028234089334658,0.07496805290765772,5,False
no_pca,,100.0,0.001,0.9766943233204135,0.025769365627367088,0.916257830447846,0.0509297640600832,0.7809954832913582,0.06968224060281815,0.8013119407474246,0.06333992258234776,5,False
pca_274,274.0,100.0,scale,0.9762580749354004,0.02771001271418384,0.9174785159729044,0.05212506814829181,0.7992568465063172,0.055705703796781615,0.8198701298701299,0.04968897472532462,5,False
no_pca,,10.0,0.001,0.9761946362241603,0.025927072797250896,0.9139164867232191,0.04809036998046869,0.7659995718639542,0.08286137141088733,0.7861111111111111,0.07280819386084551,5,False
no_pca,,100.0,scale,0.9761718245316537,0.027196103446676015,0.9146680263726324,0.05431215301631227,0.7983903373204841,0.05090078766484828,0.816588504088504,0.04217796537759188,5,False
pca_99,99.0,100.0,scale,0.9761433099160207,0.02856974418009885,0.9151864539962787,0.06104204727551713,0.795284775667704,0.07328553718537212,0.8163943583298423,0.06495156801159128,5,False
no_pca,,10.0,scale,0.9760798712047803,0.026843264787616544,0.9132609509839202,0.05304874918476546,0.7746428462338975,0.084343874113813,0.7949290363778684,0.07345549984214321,5,False
pca_99,99.0,100.0,0.001,0.9760570595122738,0.027841469108335255,0.9145910673928741,0.055186412463021146,0.7789613801407419,0.059697368730814396,0.8023301985370951,0.05274288330863403,5,False
pca_274,274.0,100.0,0.001,0.9757697936854004,0.027506820002381666,0.9145605362705911,0.05214598405686688,0.7932696183660649,0.06795611686353338,0.815060745705907,0.06066964389221983,5,False
pca_274,274.0,10.0,0.001,0.9754768249354004,0.027332328308543888,0.9129750196966819,0.050641797137001184,0.7791673808819255,0.06666270613340405,0.8008042245111211,0.05650355363312761,5,False
pca_24,24.0,100.0,scale,0.9753563569928941,0.02867784783097382,0.911904330623592,0.06750212191556695,0.8337554432776282,0.12128632477970254,0.8503797644044978,0.10815407142539912,5,False
pca_274,274.0,10.0,scale,0.9752644036660207,0.028072370170028615,0.9098593301016493,0.055159212498261743,0.7735352667637843,0.06680713910962979,0.7958799820868786,0.0563019565008037,5,False
pca_52,52.0,100.0,scale,0.9751724503391472,0.027852179222363223,0.9078900045283682,0.06627575208903151,0.7960530405819205,0.05197225303160046,0.8177361853832442,0.0454862529652977,5,False
pca_24,24.0,100.0,0.001,0.9750633882428941,0.0285261154585949,0.9108514094551247,0.06636312035759079,0.8265470951237779,0.11518838376930872,0.8443582590281536,0.10310107854744904,5,False
no_pca,,0.1,0.001,0.9748759488049096,0.008334342922971283,0.8134279281952674,0.04794829196405833,0.6573951498335983,0.10376171351163085,0.6958407605466429,0.09193879728743942,5,False
pca_24,24.0,0.1,scale,0.9747896984011628,0.010435052760016909,0.822271634474616,0.06772891721861728,0.6727075482279794,0.11110435244896451,0.7076357029298206,0.09767990768375824,5,False
pca_24,24.0,0.1,0.001,0.9747839954780362,0.010652893872907469,0.8208232217762035,0.06947159128411119,0.6781168654455325,0.1215476029556269,0.7126777197365433,0.10748496635889333,5,False
pca_52,52.0,100.0,0.001,0.9746841690891472,0.02761310827095182,0.9069016374352217,0.06447416520773804,0.787331030789636,0.06904402256232223,0.8096716692542121,0.06131745436379342,5,False
pca_52,52.0,0.1,0.001,0.9741232134205425,0.009685821898683947,0.8132628215106049,0.06789908111511309,0.6522932614674116,0.12501068503780643,0.6909617180205416,0.11051500761545817,5,False
pca_274,274.0,0.1,0.001,0.9739856367086563,0.009111903506830173,0.8043743848410274,0.05936924024859468,0.6528993013969682,0.10366600754039772,0.6918071471012648,0.09183045724897354,5,False
pca_99,99.0,10.0,0.001,0.9739720607235143,0.028422292079029837,0.9053144838965498,0.051290382117144484,0.7576906627726397,0.08340310605252203,0.7827716823406479,0.07292801210624028,5,False
pca_99,99.0,10.0,scale,0.973862998627261,0.029067555993400756,0.9004484736575489,0.06241492671400878,0.7496265421614137,0.09114719370390541,0.7755747126436782,0.07967598540516493,5,False
pca_52,52.0,0.1,scale,0.9736349321705425,0.009868840460155607,0.8111684799861163,0.06603230107824559,0.6608892337527428,0.1259161413330439,0.6982633053221289,0.11128497801197175,5,False
pca_99,99.0,0.1,0.001,0.9734973554586563,0.009851260738639268,0.8068318065594784,0.06868442436192301,0.6565511291858288,0.12338967097174193,0.6948832866479926,0.10890381020201752,5,False
pca_274,274.0,0.1,scale,0.9733134488049096,0.009460683729916361,0.8116068423037479,0.05158480913879294,0.6522932614674116,0.12501068503780643,0.6909617180205416,0.11051500761545817,5,False
pca_24,24.0,10.0,0.01,0.9732271984011629,0.011429052150851656,0.8780465934148672,0.028714110363456564,0.6949887545711517,0.06404328979543923,0.7040366300366301,0.07077734692840672,5,False
pca_24,24.0,100.0,0.01,0.9732271984011629,0.011429052150851656,0.8780465934148672,0.028714110363456564,0.6949887545711517,0.06404328979543923,0.7040366300366301,0.07077734692840672,5,False
no_pca,,0.1,scale,0.9730261829780362,0.00949334307870372,0.8024722876691934,0.049300347745745036,0.6607424880288179,0.12047699982508626,0.6985807656395892,0.10637400939916651,5,False
pca_99,99.0,0.1,scale,0.9727389171511629,0.010274774207807747,0.8066553187456067,0.06129584716536157,0.6522932614674116,0.12501068503780643,0.6909617180205416,0.11051500761545817,5,False
pca_52,52.0,10.0,scale,0.9720994832041343,0.028356754241044224,0.8909806281091406,0.061497289368497604,0.7875570032554895,0.08862258595220264,0.8092581626643984,0.0768146956940995,5,False
pca_52,52.0,10.0,0.001,0.9720937802810077,0.028731855251238586,0.894216856622623,0.06228071348878919,0.7788626985700946,0.0863127937031201,0.8018103448275863,0.07462338556383197,5,False
pca_24,24.0,10.0,0.001,0.971958701752261,0.028063471500169274,0.8956018201319091,0.059271199786878774,0.7896158813810747,0.09617897931186153,0.8113549368579467,0.0839321431896171,5,False
pca_24,24.0,10.0,scale,0.971909873627261,0.028069068987556813,0.8954273546120488,0.06096989401812223,0.7961707255841273,0.10299697257602392,0.8170000981482692,0.09001200201803818,5,False
pca_52,52.0,10.0,0.01,0.9707843790374676,0.016744183199969856,0.8655757759269245,0.055428058415274914,0.6244885501854892,0.10245887959420188,0.6186147186147186,0.10849155512483238,5,False
pca_52,52.0,100.0,0.01,0.9707843790374676,0.016744183199969856,0.8655757759269245,0.055428058415274914,0.6244885501854892,0.10245887959420188,0.6186147186147186,0.10849155512483238,5,False
pca_274,274.0,10.0,0.01,0.9684577378068475,0.024787036721756268,0.8532609399401195,0.05278152372414288,0.5828261847482126,0.08648006618700511,0.5541121197642938,0.11668773817962819,5,False
pca_274,274.0,100.0,0.01,0.9684577378068475,0.024787036721756268,0.8532609399401195,0.05278152372414288,0.5828261847482126,0.08648006618700511,0.5541121197642938,0.11668773817962819,5,False
pca_274,274.0,1.0,0.01,0.9672402394218347,0.02246153919202476,0.8465367240182889,0.040806245683516894,0.5703563720232632,0.10733750281379366,0.5503025959547699,0.12311102742524634,5,False
pca_99,99.0,10.0,0.01,0.9671254744024548,0.019711385295508983,0.8477501347752181,0.046609839459928866,0.5934913935149663,0.08252749153130794,0.5679649336171075,0.10898139951775032,5,False
pca_99,99.0,100.0,0.01,0.9671254744024548,0.019711385295508983,0.8477501347752181,0.046609839459928866,0.5934913935149663,0.08252749153130794,0.5679649336171075,0.10898139951775032,5,False
pca_99,99.0,1.0,0.01,0.9669187560562016,0.019028268420989217,0.8500446738359269,0.04089789008427403,0.5909365615038112,0.10906025270932886,0.5768036311514573,0.11729334878944946,5,False
pca_24,24.0,1.0,0.01,0.9668980640342377,0.011035574428487743,0.8515803834872934,0.030629166376565757,0.6751497873218473,0.08248217911177859,0.6860366300366301,0.07926729093449976,5,False
pca_52,52.0,1.0,0.01,0.9667875888242893,0.01203919052860642,0.8463214323173176,0.04287443401699957,0.6033065668542291,0.08566046022080505,0.5967061923583663,0.09387773607701015,5,False
no_pca,,10.0,0.01,0.9660968790374677,0.02532829753639925,0.8427915978527519,0.05693105953290946,0.5711561173378,0.09753474774206866,0.5388740245261985,0.1332121223411016,5,False
no_pca,,100.0,0.01,0.9660968790374677,0.02532829753639925,0.8427915978527519,0.05693105953290946,0.5711561173378,0.09753474774206866,0.5388740245261985,0.1332121223411016,5,False
pca_24,24.0,0.1,0.01,0.9660804768249355,0.012823501152295472,0.7896506361178381,0.04179196877124531,0.22033318186145717,0.04124734607980508,0.11781045751633987,0.004915558482513504,5,False
pca_99,99.0,0.1,0.01,0.9660398498062015,0.018000141572688116,0.8108004052801876,0.05132111118658927,0.0,0.0,0.0,0.0,5,False
no_pca,,1.0,0.01,0.9656777394218347,0.02392616715155522,0.8378025289666923,0.046553544140553724,0.5711561173378,0.09753474774206866,0.5388740245261985,0.1332121223411016,5,False
pca_274,274.0,0.1,0.01,0.9654596152293282,0.02111960253247339,0.8192343187376651,0.044140674300445985,0.0,0.0,0.0,0.0,5,False
pca_52,52.0,0.1,0.01,0.9654425064599483,0.014336845043408682,0.8027362777171559,0.05244827812932846,0.0,0.0,0.0,0.0,5,False
pca_24,24.0,1.0,0.1,0.874224705264858,0.052563298325102654,0.7046852138215611,0.07642514016316473,0.18316514537958936,0.17244790301371507,0.1279738562091503,0.1335449429349613,5,False
pca_24,24.0,10.0,0.1,0.8740293927648579,0.05242866598452785,0.7045737062390456,0.0763191144574262,0.18316514537958936,0.17244790301371507,0.1279738562091503,0.1335449429349613,5,False
pca_24,24.0,100.0,0.1,0.8740293927648579,0.05242866598452785,0.7045737062390456,0.0763191144574262,0.18316514537958936,0.17244790301371507,0.1279738562091503,0.1335449429349613,5,False
pca_52,52.0,1.0,0.1,0.8198350946786176,0.07412638114303775,0.6489508807163568,0.07039198044389343,0.07667633921951073,0.10967526199191326,0.0457516339869281,0.06269060814787869,5,False
pca_52,52.0,10.0,0.1,0.8195909540536176,0.07534862477669717,0.6488544184590942,0.07105091996015206,0.07667633921951073,0.10967526199191326,0.0457516339869281,0.06269060814787869,5,False
pca_52,52.0,100.0,0.1,0.8195909540536176,0.07534862477669717,0.6488544184590942,0.07105091996015206,0.07667633921951073,0.10967526199191326,0.0457516339869281,0.06269060814787869,5,False
no_pca,,0.1,0.01,0.7767820373062015,0.4187807983606219,0.6660610628100564,0.34057933876423035,0.0,0.0,0.0,0.0,5,False
pca_99,99.0,1.0,0.1,0.6636667776970284,0.3143455514526738,0.5201457873495514,0.2687141966683089,0.0,0.0,0.0,0.0,5,False
pca_99,99.0,10.0,0.1,0.6591197058704781,0.32443905465804784,0.5198511759701845,0.26935941937781993,0.0,0.0,0.0,0.0,5,False
pca_99,99.0,100.0,0.1,0.6591197058704781,0.32443905465804784,0.5198511759701845,0.26935941937781993,0.0,0.0,0.0,0.0,5,False
pca_274,274.0,1.0,0.1,0.5199085765907623,0.3334460067733587,0.39223253331510366,0.30232507039889683,0.0,0.0,0.0,0.0,5,False
pca_274,274.0,10.0,0.1,0.5194202953407623,0.33304426002463705,0.3921222970946312,0.30222535731642874,0.0,0.0,0.0,0.0,5,False
pca_274,274.0,100.0,0.1,0.5194202953407623,0.33304426002463705,0.3921222970946312,0.30222535731642874,0.0,0.0,0.0,0.0,5,False
no_pca,,0.1,0.1,0.26975131722383716,0.04847541193108227,0.09972156696872582,0.03951292770524696,0.0,0.0,0.0,0.0,5,False
pca_274,274.0,0.1,0.1,0.24937820473998706,0.06825321091614053,0.10563912448625182,0.051923299544941195,0.0,0.0,0.0,0.0,5,False
no_pca,,1.0,0.1,0.23601108284883718,0.03707308486185345,0.09705146677362904,0.03836944593544619,0.0,0.0,0.0,0.0,5,False
no_pca,,10.0,0.1,0.23518100472383718,0.036039569083147975,0.09701277136179928,0.03832414205973623,0.0,0.0,0.0,0.0,5,False
no_pca,,100.0,0.1,0.23518100472383718,0.036039569083147975,0.09701277136179928,0.03832414205973623,0.0,0.0,0.0,0.0,5,False
pca_52,52.0,0.1,0.1,0.2063816971495478,0.07369385604861356,0.10591703109699058,0.04386083129923389,0.0,0.0,0.0,0.0,5,False
pca_99,99.0,0.1,0.1,0.20216173590923772,0.07186522111536488,0.10261177905615985,0.052017034938050044,0.0,0.0,0.0,0.0,5,False
pca_24,24.0,0.1,0.1,0.14248556605297158,0.05549923649207173,0.09650134503178853,0.037849833895456333,0.0,0.0,0.0,0.0,5,False
