hard_case_rank,hard_case_ID,hard_case_sequence,hard_case_class,y_true,total_wrong_count,consensus_8_of_8_error,representation,k,same_class_count,opposite_class_count,same_class_fraction,opposite_class_fraction,neighborhood_purity,class_conflict_score,mean_topk_similarity,mean_same_class_similarity,mean_opposite_class_similarity,top_k_development_IDs,top_k_class_relations
1,48,FAKLLFKALKKAL,Inactive,0,8,True,esm2,3,0,3,0.0,1.0,0.0,1.0,0.9973473750185784,,0.9973473750185784,32;36;34,opposite;opposite;opposite
1,48,FAKLLFKALKKAL,Inactive,0,8,True,esm2,5,2,3,0.4,0.6,0.4,0.6,0.996682149591455,0.9956843114507699,0.9973473750185784,32;36;34;42;49,opposite;opposite;opposite;same;same
1,48,FAKLLFKALKKAL,Inactive,0,8,True,esm2,10,4,6,0.4,0.6,0.4,0.6,0.9953057339551092,0.994856241784185,0.9956053954023921,32;36;34;42;49;44;39;65;2;148,opposite;opposite;opposite;same;same;opposite;same;same;opposite;opposite
1,48,FAKLLFKALKKAL,Inactive,0,8,True,esm2,20,10,10,0.5,0.5,0.5,0.5,0.9932806891652138,0.9927420201309873,0.9938193581994405,32;36;34;42;49;44;39;65;2;148;41;62;79;27;24;45;4;23;19;64,opposite;opposite;opposite;same;same;opposite;same;same;opposite;opposite;same;same;opposite;same;opposite;same;opposite;opposite;same;same
1,48,FAKLLFKALKKAL,Inactive,0,8,True,sequence,3,0,3,0.0,1.0,0.0,1.0,0.8498168498168499,,0.8498168498168499,31;32;34,opposite;opposite;opposite
1,48,FAKLLFKALKKAL,Inactive,0,8,True,sequence,5,1,4,0.2,0.8,0.2,0.8,0.8483516483516483,0.8461538461538461,0.848901098901099,31;32;34;36;64,opposite;opposite;opposite;opposite;same
1,48,FAKLLFKALKKAL,Inactive,0,8,True,sequence,10,4,6,0.4,0.6,0.4,0.6,0.8024563671622496,0.7884615384615384,0.8117862529627237,31;32;34;36;64;4;35;39;65;63,opposite;opposite;opposite;opposite;same;opposite;same;same;same;opposite
1,48,FAKLLFKALKKAL,Inactive,0,8,True,sequence,20,11,9,0.55,0.45,0.55,0.45,0.7460999784529194,0.7272727272727273,0.7691110632287104,31;32;34;36;64;4;35;39;65;63;8;26;27;41;42;44;45;49;57;3,opposite;opposite;opposite;opposite;same;opposite;same;same;same;opposite;same;same;same;same;same;opposite;same;same;opposite;opposite
2,40,FAKLLAKLAKKFAL,Inactive,0,8,True,esm2,3,1,2,0.3333333333333333,0.6666666666666666,0.3333333333333333,0.6666666666666666,0.9963429839250825,0.9958847857805999,0.9965720829973238,31;36;29,opposite;opposite;same
2,40,FAKLLAKLAKKFAL,Inactive,0,8,True,esm2,5,1,4,0.2,0.8,0.2,0.8,0.9954848368804863,0.9958847857805999,0.9953848496554578,31;36;29;32;23,opposite;opposite;same;opposite;opposite
2,40,FAKLLAKLAKKFAL,Inactive,0,8,True,esm2,10,4,6,0.4,0.6,0.4,0.6,0.9942354047484707,0.993757163054639,0.9945542325443587,31;36;29;32;23;79;19;45;41;4,opposite;opposite;same;opposite;opposite;opposite;same;same;same;opposite
2,40,FAKLLAKLAKKFAL,Inactive,0,8,True,esm2,20,10,10,0.5,0.5,0.5,0.5,0.9921192661528074,0.991420611227811,0.9928179210778042,31;36;29;32;23;79;19;45;41;4;34;49;24;65;42;44;64;39;51;77,opposite;opposite;same;opposite;opposite;opposite;same;same;same;opposite;opposite;same;opposite;same;same;opposite;same;same;same;opposite
2,40,FAKLLAKLAKKFAL,Inactive,0,8,True,sequence,3,2,1,0.6666666666666666,0.3333333333333333,0.6666666666666666,0.3333333333333333,0.9047619047619048,0.9285714285714286,0.8571428571428572,29;39;31,same;same;opposite
2,40,FAKLLAKLAKKFAL,Inactive,0,8,True,sequence,5,4,1,0.8,0.2,0.8,0.2,0.8857142857142858,0.8928571428571429,0.8571428571428572,29;39;31;41;42,same;same;opposite;same;same
2,40,FAKLLAKLAKKFAL,Inactive,0,8,True,sequence,10,6,4,0.6,0.4,0.6,0.4,0.8528571428571429,0.8714285714285714,0.825,29;39;31;41;42;44;45;19;23;2,same;same;opposite;same;same;opposite;same;same;opposite;opposite
2,40,FAKLLAKLAKKFAL,Inactive,0,8,True,sequence,20,11,9,0.55,0.45,0.55,0.45,0.8023809523809522,0.812987012987013,0.7894179894179895,29;39;31;41;42;44;45;19;23;2;20;32;36;51;148;24;4;7;8;9,same;same;opposite;same;same;opposite;same;same;opposite;opposite;same;opposite;opposite;same;opposite;opposite;opposite;same;same;same
3,145,MPKWKVFKKIEKVGRNIRNGIVKAGPAIAVLGEAKALG,Inactive,0,8,True,esm2,3,1,2,0.3333333333333333,0.6666666666666666,0.3333333333333333,0.6666666666666666,0.9826411141738033,0.9766897723513979,0.9856167850850059,144;66;84,opposite;same;opposite
3,145,MPKWKVFKKIEKVGRNIRNGIVKAGPAIAVLGEAKALG,Inactive,0,8,True,esm2,5,2,3,0.4,0.6,0.4,0.6,0.9783112664166375,0.974496441452444,0.9808544830594332,144;66;84;294;126,opposite;same;opposite;same;opposite
3,145,MPKWKVFKKIEKVGRNIRNGIVKAGPAIAVLGEAKALG,Inactive,0,8,True,esm2,10,3,7,0.3,0.7,0.3,0.7,0.973173953881672,0.9719944998207293,0.9736794341935043,144;66;84;294;126;134;86;125;137;457,opposite;same;opposite;same;opposite;opposite;opposite;opposite;opposite;same
3,145,MPKWKVFKKIEKVGRNIRNGIVKAGPAIAVLGEAKALG,Inactive,0,8,True,esm2,20,12,8,0.6,0.4,0.6,0.4,0.9695805565576124,0.9674715290417141,0.9727440978314604,144;66;84;294;126;134;86;125;137;457;560;425;689;138;296;746;334;654;363;314,opposite;same;opposite;same;opposite;opposite;opposite;opposite;opposite;same;same;same;same;opposite;same;same;same;same;same;same
3,145,MPKWKVFKKIEKVGRNIRNGIVKAGPAIAVLGEAKALG,Inactive,0,8,True,sequence,3,0,3,0.0,1.0,0.0,1.0,0.5789473684210527,,0.5789473684210527,144;125;123,opposite;opposite;opposite
3,145,MPKWKVFKKIEKVGRNIRNGIVKAGPAIAVLGEAKALG,Inactive,0,8,True,sequence,5,0,5,0.0,1.0,0.0,1.0,0.4947368421052632,,0.4947368421052632,144;125;123;124;126,opposite;opposite;opposite;opposite;opposite
3,145,MPKWKVFKKIEKVGRNIRNGIVKAGPAIAVLGEAKALG,Inactive,0,8,True,sequence,10,0,10,0.0,1.0,0.0,1.0,0.42368421052631583,,0.42368421052631583,144;125;123;124;126;127;129;118;120;121,opposite;opposite;opposite;opposite;opposite;opposite;opposite;opposite;opposite;opposite
3,145,MPKWKVFKKIEKVGRNIRNGIVKAGPAIAVLGEAKALG,Inactive,0,8,True,sequence,20,3,17,0.15,0.85,0.15,0.85,0.36578947368421055,0.2894736842105263,0.37925696594427244,144;125;123;124;126;127;129;118;120;121;122;130;133;14;13;17;117;131;132;135,opposite;opposite;opposite;opposite;opposite;opposite;opposite;opposite;opposite;opposite;opposite;opposite;opposite;opposite;same;same;opposite;same;opposite;opposite
4,56,FALALKALKKALKKLKKALKKAL,Inactive,0,8,True,esm2,3,2,1,0.6666666666666666,0.3333333333333333,0.6666666666666666,0.3333333333333333,0.9911330746406556,0.9930700216326672,0.9872591806566325,150;11;117,same;same;opposite
4,56,FALALKALKKALKKLKKALKKAL,Inactive,0,8,True,esm2,5,3,2,0.6,0.4,0.6,0.4,0.9891698933205058,0.9910339239850531,0.9863738473236852,150;11;117;13;14,same;same;opposite;same;opposite
4,56,FALALKALKKALKKLKKALKKAL,Inactive,0,8,True,esm2,10,4,6,0.4,0.6,0.4,0.6,0.9779241526311298,0.985549110029515,0.9728408476988729,150;11;117;13;14;53;16;121;58;59,same;same;opposite;same;opposite;opposite;same;opposite;opposite;opposite
4,56,FALALKALKKALKKLKKALKKAL,Inactive,0,8,True,esm2,20,8,12,0.4,0.6,0.4,0.6,0.9649797250317924,0.9649666767481268,0.9649884238875694,150;11;117;13;14;53;16;121;58;59;52;60;22;133;63;17;116;115;66;54,same;same;opposite;same;opposite;opposite;same;opposite;opposite;opposite;opposite;opposite;opposite;opposite;opposite;same;same;opposite;same;same
4,56,FALALKALKKALKKLKKALKKAL,Inactive,0,8,True,sequence,3,1,2,0.3333333333333333,0.6666666666666666,0.3333333333333333,0.6666666666666666,0.8840579710144928,0.9565217391304348,0.8478260869565217,150;60;58,same;opposite;opposite
4,56,FALALKALKKALKKLKKALKKAL,Inactive,0,8,True,sequence,5,1,4,0.2,0.8,0.2,0.8,0.8521739130434783,0.9565217391304348,0.8260869565217391,150;60;58;59;52,same;opposite;opposite;opposite;opposite
4,56,FALALKALKKALKKLKKALKKAL,Inactive,0,8,True,sequence,10,2,8,0.2,0.8,0.2,0.8,0.7695652173913043,0.782608695652174,0.7663043478260869,150;60;58;59;52;53;63;121;3;17,same;opposite;opposite;opposite;opposite;opposite;opposite;opposite;opposite;same
4,56,FALALKALKKALKKLKKALKKAL,Inactive,0,8,True,sequence,20,9,11,0.45,0.55,0.45,0.55,0.6600280504908838,0.6038647342995169,0.7059798546474563,150;60;58;59;52;53;63;121;3;17;11;13;16;22;25;116;14;2;7;8,same;opposite;opposite;opposite;opposite;opposite;opposite;opposite;opposite;same;same;same;same;opposite;same;same;opposite;opposite;same;same
5,68,FKRLAKIKVLRLAKIKR,Active,1,8,True,esm2,3,1,2,0.3333333333333333,0.6666666666666666,0.3333333333333333,0.6666666666666666,0.9639420095452623,0.9632925814261408,0.9642667236048232,69;133;150,opposite;same;opposite
5,68,FKRLAKIKVLRLAKIKR,Active,1,8,True,esm2,5,1,4,0.2,0.8,0.2,0.8,0.9626601660933194,0.9632925814261408,0.9625020622601138,69;133;150;324;476,opposite;same;opposite;opposite;opposite
5,68,FKRLAKIKVLRLAKIKR,Active,1,8,True,esm2,10,2,8,0.2,0.8,0.2,0.8,0.960743544104514,0.961457805794941,0.9605649786819073,69;133;150;324;476;117;678;545;863;825,opposite;same;opposite;opposite;opposite;same;opposite;opposite;opposite;opposite
5,68,FKRLAKIKVLRLAKIKR,Active,1,8,True,esm2,20,3,17,0.15,0.85,0.15,0.85,0.9584808815669288,0.9599086931865027,0.9582289148105334,69;133;150;324;476;117;678;545;863;825;287;241;668;146;448;665;458;467;157;593,opposite;same;opposite;opposite;opposite;same;opposite;opposite;opposite;opposite;opposite;opposite;opposite;same;opposite;opposite;opposite;opposite;opposite;opposite
5,68,FKRLAKIKVLRLAKIKR,Active,1,8,True,sequence,3,0,3,0.0,1.0,0.0,1.0,0.474177771795217,,0.474177771795217,13;16;7,opposite;opposite;opposite
5,68,FKRLAKIKVLRLAKIKR,Active,1,8,True,sequence,5,0,5,0.0,1.0,0.0,1.0,0.4727419571947773,,0.4727419571947773,13;16;7;8;9,opposite;opposite;opposite;opposite;opposite
5,68,FKRLAKIKVLRLAKIKR,Active,1,8,True,sequence,10,1,9,0.1,0.9,0.1,0.9,0.47166509624444747,0.47058823529411764,0.4717847474611508,13;16;7;8;9;10;20;24;25;26,opposite;opposite;opposite;opposite;opposite;opposite;opposite;same;opposite;opposite
5,68,FKRLAKIKVLRLAKIKR,Active,1,8,True,sequence,20,5,15,0.25,0.75,0.25,0.75,0.4520717982082231,0.4330340557275541,0.4584177123684461,13;16;7;8;9;10;20;24;25;26;27;337;120;11;17;22;2;18;23;35,opposite;opposite;opposite;opposite;opposite;opposite;opposite;same;opposite;opposite;opposite;opposite;same;opposite;opposite;same;same;opposite;same;opposite
6,388,GLGLVLKIAVNAFLKLVA,Inactive,0,6,False,esm2,3,0,3,0.0,1.0,0.0,1.0,0.9815725536885473,,0.9815725536885473,86;31;85,opposite;opposite;opposite
6,388,GLGLVLKIAVNAFLKLVA,Inactive,0,6,False,esm2,5,1,4,0.2,0.8,0.2,0.8,0.9811477168764977,0.9805073572496592,0.9813078067832073,86;31;85;36;387,opposite;opposite;opposite;opposite;same
6,388,GLGLVLKIAVNAFLKLVA,Inactive,0,6,False,esm2,10,2,8,0.2,0.8,0.2,0.8,0.9803828475114521,0.9799565314379327,0.9804894265298321,86;31;85;36;387;23;77;143;45;4,opposite;opposite;opposite;opposite;same;opposite;opposite;opposite;same;opposite
6,388,GLGLVLKIAVNAFLKLVA,Inactive,0,6,False,esm2,20,5,15,0.25,0.75,0.25,0.75,0.9789639122736691,0.9779007321095163,0.9793183056617198,86;31;85;36;387;23;77;143;45;4;32;87;3;79;34;24;172;81;343;65,opposite;opposite;opposite;opposite;same;opposite;opposite;opposite;same;opposite;opposite;opposite;opposite;opposite;opposite;opposite;same;opposite;same;same
6,388,GLGLVLKIAVNAFLKLVA,Inactive,0,6,False,sequence,3,3,0,1.0,0.0,1.0,0.0,0.3956228956228956,0.3956228956228956,,89;35;49,same;same;same
6,388,GLGLVLKIAVNAFLKLVA,Inactive,0,6,False,sequence,5,3,2,0.6,0.4,0.6,0.4,0.3929292929292929,0.3956228956228956,0.38888888888888884,89;35;49;77;79,same;same;same;opposite;opposite
6,388,GLGLVLKIAVNAFLKLVA,Inactive,0,6,False,sequence,10,6,4,0.6,0.4,0.6,0.4,0.3909090909090909,0.39225589225589225,0.38888888888888884,89;35;49;77;79;101;116;122;172;362,same;same;same;opposite;opposite;opposite;same;opposite;same;same
6,388,GLGLVLKIAVNAFLKLVA,Inactive,0,6,False,sequence,20,12,8,0.6,0.4,0.6,0.4,0.37060265122622094,0.3727636779696275,0.3673611111111111,89;35;49;77;79;101;116;122;172;362;378;243;123;125;126;150;897;26;27;31,same;same;same;opposite;opposite;opposite;same;opposite;same;same;same;same;opposite;opposite;opposite;same;same;same;same;opposite
7,67,FKLAFKLAKKAFL,Inactive,0,6,False,esm2,3,1,2,0.3333333333333333,0.6666666666666666,0.3333333333333333,0.6666666666666666,0.9897121276628152,0.9889615053069414,0.9900874388407521,4;31;45,opposite;opposite;same
7,67,FKLAFKLAKKAFL,Inactive,0,6,False,esm2,5,3,2,0.6,0.4,0.6,0.4,0.9889558948932071,0.9882015322615105,0.9900874388407521,4;31;45;29;20,opposite;opposite;same;same;same
7,67,FKLAFKLAKKAFL,Inactive,0,6,False,esm2,10,7,3,0.7,0.3,0.7,0.3,0.988065136921698,0.9875555984520537,0.9892540600175349,4;31;45;29;20;57;41;26;10;343,opposite;opposite;same;same;same;opposite;same;same;same;same
7,67,FKLAFKLAKKAFL,Inactive,0,6,False,esm2,20,15,5,0.75,0.25,0.75,0.25,0.9867636631446317,0.9864581494722258,0.9876802041618493,4;31;45;29;20;57;41;26;10;343;51;9;36;8;64;62;19;119;79;49,opposite;opposite;same;same;same;opposite;same;same;same;same;same;same;opposite;same;same;same;same;same;opposite;same
7,67,FKLAFKLAKKAFL,Inactive,0,6,False,sequence,3,3,0,1.0,0.0,1.0,0.0,0.7094017094017094,0.7094017094017094,,62;39;19,same;same;same
7,67,FKLAFKLAKKAFL,Inactive,0,6,False,sequence,5,5,0,1.0,0.0,1.0,0.0,0.6827838827838828,0.6827838827838828,,62;39;19;7;9,same;same;same;same;same
7,67,FKLAFKLAKKAFL,Inactive,0,6,False,sequence,10,9,1,0.9,0.1,0.9,0.1,0.6518315018315018,0.6558811558811559,0.6153846153846154,62;39;19;7;9;29;2;8;18;20,same;same;same;same;same;same;opposite;same;same;same
7,67,FKLAFKLAKKAFL,Inactive,0,6,False,sequence,20,14,6,0.7,0.3,0.7,0.3,0.6217330586080586,0.6359236002093144,0.5886217948717949,62;39;19;7;9;29;2;8;18;20;41;42;44;45;51;23;24;115;4;10,same;same;same;same;same;same;opposite;same;same;same;same;same;opposite;same;same;opposite;opposite;opposite;opposite;same
8,149,VAKLLAKLAKKVL,Inactive,0,6,False,esm2,3,2,1,0.6666666666666666,0.3333333333333333,0.6666666666666666,0.3333333333333333,0.997171350666359,0.9967388892245501,0.998036273549977,148;39;42,opposite;same;same
8,149,VAKLLAKLAKKVL,Inactive,0,6,False,esm2,5,2,3,0.4,0.6,0.4,0.6,0.9966137935503866,0.9967388892245501,0.9965303964342778,148;39;42;2;44,opposite;same;same;opposite;opposite
8,149,VAKLLAKLAKKVL,Inactive,0,6,False,esm2,10,5,5,0.5,0.5,0.5,0.5,0.9950137686592259,0.994712077156621,0.9953154601618305,148;39;42;2;44;49;34;27;32;62,opposite;same;same;opposite;opposite;same;opposite;same;opposite;same
8,149,VAKLLAKLAKKVL,Inactive,0,6,False,esm2,20,12,8,0.6,0.4,0.6,0.4,0.9918884226287685,0.991283187632063,0.9927962751238262,148;39;42;2;44;49;34;27;32;62;41;65;36;9;45;24;19;10;7;23,opposite;same;same;opposite;opposite;same;opposite;same;opposite;same;same;same;opposite;same;same;opposite;same;same;same;opposite
8,149,VAKLLAKLAKKVL,Inactive,0,6,False,sequence,3,2,1,0.6666666666666666,0.3333333333333333,0.6666666666666666,0.3333333333333333,0.8717948717948718,0.8461538461538461,0.9230769230769231,148;39;41,opposite;same;same
8,149,VAKLLAKLAKKVL,Inactive,0,6,False,sequence,5,3,2,0.6,0.4,0.6,0.4,0.8615384615384615,0.8461538461538461,0.8846153846153846,148;39;41;42;44,opposite;same;same;same;opposite
8,149,VAKLLAKLAKKVL,Inactive,0,6,False,sequence,10,7,3,0.7,0.3,0.7,0.3,0.8175824175824176,0.8053375196232339,0.8461538461538461,148;39;41;42;44;45;2;20;51;29,opposite;same;same;same;opposite;same;opposite;same;same;same
8,149,VAKLLAKLAKKVL,Inactive,0,6,False,sequence,20,12,8,0.6,0.4,0.6,0.4,0.7436813186813185,0.7457264957264957,0.7406135531135531,148;39;41;42;44;45;2;20;51;29;32;34;36;49;19;23;25;7;9;31,opposite;same;same;same;opposite;same;opposite;same;same;same;opposite;opposite;opposite;same;same;opposite;same;same;same;opposite
9,33,FAKLLAKALKKL,Inactive,0,5,False,esm2,3,1,2,0.3333333333333333,0.6666666666666666,0.3333333333333333,0.6666666666666666,0.9960669196082801,0.9956656838814943,0.996267537471673,36;32;41,opposite;opposite;same
9,33,FAKLLAKALKKL,Inactive,0,5,False,esm2,5,3,2,0.6,0.4,0.6,0.4,0.9957239856174137,0.9953616177145744,0.996267537471673,36;32;41;49;45,opposite;opposite;same;same;same
9,33,FAKLLAKALKKL,Inactive,0,5,False,esm2,10,7,3,0.7,0.3,0.7,0.3,0.9947774629552569,0.9943755074255779,0.9957153591911742,36;32;41;49;45;34;27;64;42;62,opposite;opposite;same;same;same;opposite;same;same;same;same
9,33,FAKLLAKALKKL,Inactive,0,5,False,esm2,20,12,8,0.6,0.4,0.6,0.4,0.9935020151891318,0.9935902699579393,0.9933696330359202,36;32;41;49;45;34;27;64;42;62;19;20;39;31;65;10;2;79;4;23,opposite;opposite;same;same;same;opposite;same;same;same;same;same;same;same;opposite;same;same;opposite;opposite;opposite;opposite
9,33,FAKLLAKALKKL,Inactive,0,5,False,sequence,3,1,2,0.3333333333333333,0.6666666666666666,0.3333333333333333,0.6666666666666666,0.923076923076923,0.9230769230769231,0.9230769230769231,32;34;35,opposite;opposite;same
9,33,FAKLLAKALKKL,Inactive,0,5,False,sequence,5,1,4,0.2,0.8,0.2,0.8,0.8945054945054945,0.9230769230769231,0.8873626373626374,32;34;35;31;36,opposite;opposite;same;opposite;opposite
9,33,FAKLLAKALKKL,Inactive,0,5,False,sequence,10,5,5,0.5,0.5,0.5,0.5,0.8382783882783883,0.8128205128205128,0.8637362637362639,32;34;35;31;36;26;4;39;41;42,opposite;opposite;same;opposite;opposite;same;opposite;same;same;same
9,33,FAKLLAKALKKL,Inactive,0,5,False,sequence,20,11,9,0.55,0.45,0.55,0.45,0.7865750915750914,0.7698135198135198,0.8070614570614572,32;34;35;31;36;26;4;39;41;42;44;45;20;51;57;64;24;2;8;10,opposite;opposite;same;opposite;opposite;same;opposite;same;same;same;opposite;same;same;same;opposite;same;opposite;opposite;same;same
10,47,FAKLLAKLAKLKL,Inactive,0,5,False,esm2,3,2,1,0.6666666666666666,0.3333333333333333,0.6666666666666666,0.3333333333333333,0.9942147255228987,0.993678280612139,0.9952876153444183,31;35;45,opposite;same;same
10,47,FAKLLAKLAKLKL,Inactive,0,5,False,esm2,5,3,2,0.6,0.4,0.6,0.4,0.9934157253519894,0.9931809939080063,0.9937678225179642,31;35;45;23;51,opposite;same;same;opposite;same
10,47,FAKLLAKLAKLKL,Inactive,0,5,False,esm2,10,7,3,0.7,0.3,0.7,0.3,0.9919782108487535,0.9917498533174463,0.9925110450884708,31;35;45;23;51;26;29;4;41;19,opposite;same;same;opposite;same;same;same;opposite;same;same
10,47,FAKLLAKLAKLKL,Inactive,0,5,False,esm2,20,11,9,0.55,0.45,0.55,0.45,0.9898288909973898,0.9901453650636237,0.9894420893608817,31;35;45;23;51;26;29;4;41;19;20;79;36;24;64;3;57;10;32;25,opposite;same;same;opposite;same;same;same;opposite;same;same;same;opposite;opposite;opposite;same;opposite;opposite;same;opposite;same
10,47,FAKLLAKLAKLKL,Inactive,0,5,False,sequence,3,3,0,1.0,0.0,1.0,0.0,0.8461538461538461,0.8461538461538461,,20;35;39,same;same;same
10,47,FAKLLAKLAKLKL,Inactive,0,5,False,sequence,5,5,0,1.0,0.0,1.0,0.0,0.8461538461538461,0.8461538461538461,,20;35;39;41;42,same;same;same;same;same
10,47,FAKLLAKLAKLKL,Inactive,0,5,False,sequence,10,8,2,0.8,0.2,0.8,0.2,0.8354945054945055,0.838598901098901,0.823076923076923,20;35;39;41;42;44;45;51;24;9,same;same;same;same;same;opposite;same;same;opposite;same
10,47,FAKLLAKLAKLKL,Inactive,0,5,False,sequence,20,14,6,0.7,0.3,0.7,0.3,0.7914835164835164,0.79589220303506,0.7811965811965811,20;35;39;41;42;44;45;51;24;9;2;10;26;34;148;19;23;25;7;29,same;same;same;same;same;opposite;same;same;opposite;same;opposite;same;same;opposite;opposite;same;opposite;same;same;same
11,43,FAKLLAKLAKKL,Inactive,0,4,False,esm2,3,2,1,0.6666666666666666,0.3333333333333333,0.6666666666666666,0.3333333333333333,0.9956220239350184,0.9955523126472952,0.995761446510465,36;41;49,opposite;same;same
11,43,FAKLLAKLAKKL,Inactive,0,4,False,esm2,5,3,2,0.6,0.4,0.6,0.4,0.9953285638355082,0.9952808713408015,0.9954001025775681,36;41;49;32;45,opposite;same;same;opposite;same
11,43,FAKLLAKLAKKL,Inactive,0,4,False,esm2,10,7,3,0.7,0.3,0.7,0.3,0.9946580710836178,0.9945194739851961,0.9949814643132684,36;41;49;32;45;42;34;27;39;64,opposite;same;same;opposite;same;same;opposite;same;same;same
11,43,FAKLLAKLAKKL,Inactive,0,4,False,esm2,20,12,8,0.6,0.4,0.6,0.4,0.9933940533482236,0.9935728700404897,0.9931258283098244,36;41;49;32;45;42;34;27;39;64;65;62;2;44;19;148;79;20;10;23,opposite;same;same;opposite;same;same;opposite;same;same;same;same;same;opposite;opposite;same;opposite;opposite;same;same;opposite
11,43,FAKLLAKLAKKL,Inactive,0,4,False,sequence,3,3,0,1.0,0.0,1.0,0.0,0.923076923076923,0.923076923076923,,39;41;42,same;same;same
11,43,FAKLLAKLAKKL,Inactive,0,4,False,sequence,5,4,1,0.8,0.2,0.8,0.2,0.9230769230769231,0.9230769230769231,0.9230769230769231,39;41;42;44;45,same;same;same;opposite;same
11,43,FAKLLAKLAKKL,Inactive,0,4,False,sequence,10,7,3,0.7,0.3,0.7,0.3,0.8941025641025643,0.9036630036630038,0.8717948717948718,39;41;42;44;45;20;51;2;148;25,same;same;same;opposite;same;same;same;opposite;opposite;same
11,43,FAKLLAKLAKKL,Inactive,0,4,False,sequence,20,14,6,0.7,0.3,0.7,0.3,0.8297344322344322,0.8336865515436946,0.8205128205128204,39;41;42;44;45;20;51;2;148;25;29;8;10;32;34;35;36;49;26;19,same;same;same;opposite;same;same;same;opposite;opposite;same;same;same;same;opposite;opposite;same;opposite;same;same;same
12,392,GLWAIAVKAGKVILKLIVFIWIRV,Inactive,0,3,False,esm2,3,1,2,0.3333333333333333,0.6666666666666666,0.3333333333333333,0.6666666666666666,0.9775068100962478,0.9757697023168497,0.9783753639859469,126;122;689,opposite;opposite;same
12,392,GLWAIAVKAGKVILKLIVFIWIRV,Inactive,0,3,False,esm2,5,1,4,0.2,0.8,0.2,0.8,0.9764613514094401,0.9757697023168497,0.9766342636825878,126;122;689;125;123,opposite;opposite;same;opposite;opposite
12,392,GLWAIAVKAGKVILKLIVFIWIRV,Inactive,0,3,False,esm2,10,2,8,0.2,0.8,0.2,0.8,0.9735282608641921,0.9725924074236044,0.9737622242243391,126;122;689;125;123;120;140;138;188;144,opposite;opposite;same;opposite;opposite;opposite;opposite;opposite;same;opposite
12,392,GLWAIAVKAGKVILKLIVFIWIRV,Inactive,0,3,False,esm2,20,9,11,0.45,0.55,0.45,0.55,0.9699334514137264,0.9677942326811563,0.9716837212858294,126;122;689;125;123;120;140;138;188;144;649;540;877;124;134;887;76;281;559;447,opposite;opposite;same;opposite;opposite;opposite;opposite;opposite;same;opposite;same;same;same;opposite;opposite;same;opposite;same;same;same
12,392,GLWAIAVKAGKVILKLIVFIWIRV,Inactive,0,3,False,sequence,3,0,3,0.0,1.0,0.0,1.0,0.40277777777777773,,0.40277777777777773,96;100;92,opposite;opposite;opposite
12,392,GLWAIAVKAGKVILKLIVFIWIRV,Inactive,0,3,False,sequence,5,0,5,0.0,1.0,0.0,1.0,0.39166666666666666,,0.39166666666666666,96;100;92;98;99,opposite;opposite;opposite;opposite;opposite
12,392,GLWAIAVKAGKVILKLIVFIWIRV,Inactive,0,3,False,sequence,10,1,9,0.1,0.9,0.1,0.9,0.3666666666666667,0.375,0.3657407407407407,96;100;92;98;99;863;93;94;95;101,opposite;opposite;opposite;opposite;opposite;same;opposite;opposite;opposite;opposite
12,392,GLWAIAVKAGKVILKLIVFIWIRV,Inactive,0,3,False,sequence,20,7,13,0.35,0.65,0.35,0.65,0.34375000000000006,0.3273809523809524,0.3525641025641026,96;100;92;98;99;863;93;94;95;101;102;108;143;384;387;810;846;5;35;57,opposite;opposite;opposite;opposite;opposite;same;opposite;opposite;opposite;opposite;opposite;opposite;opposite;same;same;same;same;same;same;opposite
13,91,GLFAVIKKVAAVIRRL,Active,1,3,False,esm2,3,3,0,1.0,0.0,1.0,0.0,0.9916467603130178,0.9916467603130178,,95;94;92,same;same;same
13,91,GLFAVIKKVAAVIRRL,Active,1,3,False,esm2,5,5,0,1.0,0.0,1.0,0.0,0.9904279112062884,0.9904279112062884,,95;94;92;102;107,same;same;same;same;same
13,91,GLFAVIKKVAAVIRRL,Active,1,3,False,esm2,10,8,2,0.8,0.2,0.8,0.2,0.98675466968868,0.9879624972700211,0.9819233593633159,95;94;92;102;107;143;108;93;387;5,same;same;same;same;same;same;same;same;opposite;opposite
13,91,GLFAVIKKVAAVIRRL,Active,1,3,False,esm2,20,16,4,0.8,0.2,0.8,0.2,0.9833905815371139,0.9840225705010723,0.9808626256812804,95;94;92;102;107;143;108;93;387;5;100;81;42;99;101;98;106;36;32;384,same;same;same;same;same;same;same;same;opposite;opposite;same;same;opposite;same;same;same;same;same;same;opposite
13,91,GLFAVIKKVAAVIRRL,Active,1,3,False,sequence,3,3,0,1.0,0.0,1.0,0.0,0.8125,0.8125,,92;93;94,same;same;same
13,91,GLFAVIKKVAAVIRRL,Active,1,3,False,sequence,5,5,0,1.0,0.0,1.0,0.0,0.8125,0.8125,,92;93;94;95;104,same;same;same;same;same
13,91,GLFAVIKKVAAVIRRL,Active,1,3,False,sequence,10,10,0,1.0,0.0,1.0,0.0,0.78125,0.78125,,92;93;94;95;104;105;106;107;108;109,same;same;same;same;same;same;same;same;same;same
13,91,GLFAVIKKVAAVIRRL,Active,1,3,False,sequence,20,17,3,0.85,0.15,0.85,0.15,0.6206149565089194,0.6572231833910035,0.41316833751044274,92;93;94;95;104;105;106;107;108;109;102;96;97;101;371;385;98;99;100;825,same;same;same;same;same;same;same;same;same;same;same;same;same;same;opposite;opposite;same;same;same;opposite
14,55,FALALKALKKAL,Inactive,0,3,False,esm2,3,3,0,1.0,0.0,1.0,0.0,0.9957842923742412,0.9957842923742412,,64;62;41,same;same;same
14,55,FALALKALKKAL,Inactive,0,3,False,esm2,5,4,1,0.8,0.2,0.8,0.2,0.9950428799399493,0.9954027859475669,0.9936032559094787,64;62;41;45;57,same;same;same;same;opposite
14,55,FALALKALKKAL,Inactive,0,3,False,esm2,10,8,2,0.8,0.2,0.8,0.2,0.9935629088397775,0.9937674416776063,0.9927447774884612,64;62;41;45;57;49;27;36;19;20,same;same;same;same;opposite;same;same;opposite;same;same
14,55,FALALKALKKAL,Inactive,0,3,False,esm2,20,14,6,0.7,0.3,0.7,0.3,0.9915142031650255,0.991800604733566,0.990845932838431,64;62;41;45;57;49;27;36;19;20;32;4;31;10;65;9;39;8;34;7,same;same;same;same;opposite;same;same;opposite;same;same;opposite;opposite;opposite;same;same;same;same;same;opposite;same
14,55,FALALKALKKAL,Inactive,0,3,False,sequence,3,2,1,0.6666666666666666,0.3333333333333333,0.6666666666666666,0.3333333333333333,0.8888888888888888,0.875,0.9166666666666666,57;64;54,opposite;same;same
14,55,FALALKALKKAL,Inactive,0,3,False,sequence,5,4,1,0.8,0.2,0.8,0.2,0.8666666666666666,0.8541666666666667,0.9166666666666666,57;64;54;62;65,opposite;same;same;same;same
14,55,FALALKALKKAL,Inactive,0,3,False,sequence,10,5,5,0.5,0.5,0.5,0.5,0.7871450118508942,0.8217948717948719,0.7524951519069166,57;64;54;62;65;3;31;63;4;27,opposite;same;same;same;same;opposite;opposite;opposite;opposite;same
14,55,FALALKALKKAL,Inactive,0,3,False,sequence,20,9,11,0.45,0.55,0.45,0.55,0.7128437609861757,0.7300569800569802,0.6987602181100633,57;64;54;62;65;3;31;63;4;27;32;34;36;59;2;8;35;39;49;24,opposite;same;same;same;same;opposite;opposite;opposite;opposite;same;opposite;opposite;opposite;opposite;opposite;same;same;same;same;opposite
15,142,KYKKALKKLAKLL,Inactive,0,3,False,esm2,3,3,0,1.0,0.0,1.0,0.0,0.9856516214606946,0.9856516214606946,,35;26;17,same;same;same
15,142,KYKKALKKLAKLL,Inactive,0,3,False,esm2,5,3,2,0.6,0.4,0.6,0.4,0.9845886842959686,0.9856516214606946,0.9829942785488794,35;26;17;122;63,same;same;same;opposite;opposite
15,142,KYKKALKKLAKLL,Inactive,0,3,False,esm2,10,6,4,0.6,0.4,0.6,0.4,0.9831134672507644,0.9835472509843196,0.982462791650432,35;26;17;122;63;20;125;59;18;25,same;same;same;opposite;opposite;same;opposite;opposite;same;same
15,142,KYKKALKKLAKLL,Inactive,0,3,False,esm2,20,11,9,0.55,0.45,0.55,0.45,0.9794862915335184,0.9803326317824458,0.9784518756737179,35;26;17;122;63;20;125;59;18;25;16;126;8;10;23;51;119;121;123;31,same;same;same;opposite;opposite;same;opposite;opposite;same;same;same;opposite;same;same;opposite;same;same;opposite;opposite;opposite
15,142,KYKKALKKLAKLL,Inactive,0,3,False,sequence,3,2,1,0.6666666666666666,0.3333333333333333,0.6666666666666666,0.3333333333333333,0.6533882783882784,0.6675824175824175,0.625,10;9;115,same;same;opposite
15,142,KYKKALKKLAKLL,Inactive,0,3,False,sequence,5,3,2,0.6,0.4,0.6,0.4,0.6381868131868133,0.6501831501831502,0.6201923076923077,10;9;115;2;8,same;same;opposite;opposite;same
15,142,KYKKALKKLAKLL,Inactive,0,3,False,sequence,10,8,2,0.8,0.2,0.8,0.2,0.6216035280508965,0.6219563331405437,0.6201923076923077,10;9;115;2;8;20;27;119;25;16,same;same;opposite;opposite;same;same;same;same;same;same
15,142,KYKKALKKLAKLL,Inactive,0,3,False,sequence,20,13,7,0.65,0.35,0.65,0.35,0.5869046815757342,0.5964136178711077,0.5692452284557546,10;9;115;2;8;20;27;119;25;16;17;22;7;11;121;18;44;79;148;19,same;same;opposite;opposite;same;same;same;same;same;same;same;opposite;same;same;opposite;same;opposite;opposite;opposite;same
